time_utc,time_utc,lmp,PredictedLMP
2018-04-25 05:10:00+00:00,,-38.2487,-22.992635679909963
2018-04-25 05:15:00+00:00,,-36.6108,-16.204243323724494
2018-04-25 05:20:00+00:00,,-37.6158,-21.26504836533472
2018-04-25 05:25:00+00:00,,-38.3356,-17.915489255861267
2018-04-25 05:30:00+00:00,,-30.855,-14.231964798894406
2018-04-25 05:35:00+00:00,,-22.8041,-26.693147450137904
2018-04-25 05:40:00+00:00,,-38.3969,-20.398840055013466
2018-04-25 05:45:00+00:00,,-38.4999,-17.17921913016409
2018-04-25 05:50:00+00:00,,-57.4275,-22.014766049496668
2018-04-25 05:55:00+00:00,,-40.0767,-12.920860716507049
2018-04-25 06:00:00+00:00,,-40.343,-16.309436299254354
2018-04-25 06:05:00+00:00,,-43.604,-5.02035562103998
2018-04-25 06:10:00+00:00,,-38.4999,-11.368051694557343
2018-04-25 06:15:00+00:00,,-36.7217,-15.226905521086922
2018-04-25 06:20:00+00:00,,-46.0284,-23.38390349930836
2018-04-25 06:25:00+00:00,,-47.0191,-20.432253309423807
2018-04-25 06:30:00+00:00,,-30.7344,-7.754176692459085
2018-04-25 06:35:00+00:00,,-36.4372,-7.953505876671735
2018-04-25 06:40:00+00:00,,-28.3356,-16.842092392868338
2018-04-25 06:45:00+00:00,,-28.387,-7.484784308319868
2018-04-25 06:50:00+00:00,,-40.513,-5.154854727250728
2018-04-25 06:55:00+00:00,,-38.4999,-6.1647060560417
2018-04-25 07:00:00+00:00,,-35.6743,-16.93698698829501
2018-04-25 07:05:00+00:00,,-48.9631,-14.67308850822748
2018-04-25 07:10:00+00:00,,-56.2926,-12.339436827680446
2018-04-25 07:15:00+00:00,,-40.0626,-18.22542023483153
2018-04-25 07:20:00+00:00,,-37.0719,-13.043011368642825
2018-04-25 07:25:00+00:00,,-73.8303,-20.013249396602
2018-04-25 07:30:00+00:00,,-42.3647,-23.484164023024103
2018-04-25 07:35:00+00:00,,-39.6673,-19.11407857588255
2018-04-25 07:40:00+00:00,,-39.8087,-12.293234461844513
2018-04-25 07:45:00+00:00,,-44.6981,-14.25246994618999
2018-04-25 07:50:00+00:00,,-50.0003,-24.094419449712994
2018-04-25 07:55:00+00:00,,-50.0003,-14.486606622334246
2018-04-25 08:00:00+00:00,,-66.3755,-15.809188073787016
2018-04-25 08:05:00+00:00,,-64.2905,-14.296403164608744
2018-04-25 08:10:00+00:00,,-59.8915,-8.944136482046316
2018-04-25 08:15:00+00:00,,-56.4784,-2.553616606028913
2018-04-25 08:20:00+00:00,,-56.3795,-6.126126495721701
2018-04-25 08:25:00+00:00,,-38.2631,2.221604221000206
2018-04-25 08:30:00+00:00,,-36.5016,3.0848760524108587
2018-04-25 08:35:00+00:00,,-36.8295,4.778082013451154
2018-04-25 08:40:00+00:00,,-36.1218,-13.636928157154246
2018-04-25 08:45:00+00:00,,-38.3745,-14.599208649566016
2018-04-25 08:50:00+00:00,,-39.523,-16.260421631388628
2018-04-25 08:55:00+00:00,,-26.8321,-16.53387732786028
2018-04-25 09:00:00+00:00,,-20.5974,-16.1195215056226
2018-04-25 09:05:00+00:00,,-23.0707,-13.164871968923258
2018-04-25 09:10:00+00:00,,-23.0775,-6.002038884288075
2018-04-25 09:15:00+00:00,,-24.4874,-8.726584435337168
2018-04-25 09:20:00+00:00,,-10.5259,-3.9285033837281578
2018-04-25 09:25:00+00:00,,-15.1176,-12.877067318567335
2018-04-25 09:30:00+00:00,,-17.9143,-13.061434456716446
2018-04-25 09:35:00+00:00,,-24.5566,-19.142487703811835
2018-04-25 09:40:00+00:00,,-25.5608,-15.111697180761478
2018-04-25 09:45:00+00:00,,-8.1688,-6.595853206338228
2018-04-25 09:50:00+00:00,,-14.9869,-17.262000738131107
2018-04-25 09:55:00+00:00,,-16.7616,-6.035755113262427
2018-04-25 10:00:00+00:00,,-38.2267,-22.74762803513217
2018-04-25 10:05:00+00:00,,-27.5637,-15.287462027597636
2018-04-25 10:10:00+00:00,,-28.7556,-14.063854314699025
2018-04-25 10:15:00+00:00,,-38.4999,-4.102353943805738
2018-04-25 10:20:00+00:00,,-29.0099,-20.436413293074494
2018-04-25 10:25:00+00:00,,-20.5715,-12.318816661209203
2018-04-25 10:30:00+00:00,,-20.1882,-3.1410085237103194
2018-04-25 10:35:00+00:00,,-10.9737,-2.5158318310535703
2018-04-25 10:40:00+00:00,,-26.8978,-12.363178810658695
2018-04-25 10:45:00+00:00,,-8.5075,-8.238332333873517
2018-04-25 10:50:00+00:00,,-12.6318,-19.559497276842748
2018-04-25 10:55:00+00:00,,-20.3142,-21.298017477059936
2018-04-25 11:00:00+00:00,,-34.5458,-18.207083298881933
2018-04-25 11:05:00+00:00,,-28.6262,-15.878876901532834
2018-04-25 11:10:00+00:00,,-17.2158,-8.959726338130913
2018-04-25 11:15:00+00:00,,-20.4272,-3.6173298174095065
2018-04-25 11:20:00+00:00,,4.2174,-2.9792478402767815
2018-04-25 11:25:00+00:00,,-5.7144,-0.14430052638381924
2018-04-25 11:30:00+00:00,,-10.0876,-7.656058650185377
2018-04-25 11:35:00+00:00,,-17.484,-2.102216551447428
2018-04-25 11:40:00+00:00,,-17.036,4.61654343441853
2018-04-25 11:45:00+00:00,,12.8158,-0.40453492074636627
2018-04-25 11:50:00+00:00,,4.818,6.422233556338039
2018-04-25 11:55:00+00:00,,-17.3979,1.1719672935492167
2018-04-25 12:00:00+00:00,,-3.325,3.0777604297844663
2018-04-25 12:05:00+00:00,,2.3413,-4.671325666556639
2018-04-25 12:10:00+00:00,,13.7956,2.6184679826359294
2018-04-25 12:15:00+00:00,,9.3043,9.895568200804508
2018-04-25 12:20:00+00:00,,12.4708,12.222809255381366
2018-04-25 12:25:00+00:00,,12.4707,14.106992890544179
2018-04-25 12:30:00+00:00,,11.0202,9.153411574785675
2018-04-25 12:35:00+00:00,,5.8176,9.758723836692923
2018-04-25 12:40:00+00:00,,8.1307,8.353795029141436
2018-04-25 12:45:00+00:00,,12.3521,10.524444138183583
2018-04-25 12:50:00+00:00,,12.7984,8.146443926758025
2018-04-25 12:55:00+00:00,,14.4085,17.511868249552233
2018-04-25 13:00:00+00:00,,12.7816,16.852399850731135
2018-04-25 13:05:00+00:00,,12.2356,19.425662078880567
2018-04-25 13:10:00+00:00,,12.9676,14.107342177075322
2018-04-25 13:15:00+00:00,,16.0701,11.695283127378326
2018-04-25 13:20:00+00:00,,15.8977,8.200630292495006
2018-04-25 13:25:00+00:00,,15.5639,14.578267742720493
2018-04-25 13:30:00+00:00,,15.8068,5.961017903066491
2018-04-25 13:35:00+00:00,,16.9874,5.3131074457470655
2018-04-25 13:40:00+00:00,,14.8422,5.914046919033732
2018-04-25 13:45:00+00:00,,15.6526,3.800774864342932
2018-04-25 13:50:00+00:00,,16.7241,12.501699660043956
2018-04-25 13:55:00+00:00,,16.6059,5.915618708700018
2018-04-25 14:00:00+00:00,,16.5259,5.9256237000150405
2018-04-25 14:05:00+00:00,,15.1645,8.57711782220725
2018-04-25 14:10:00+00:00,,14.7264,3.211817254836836
2018-04-25 14:15:00+00:00,,18.3551,6.965009714115327
2018-04-25 14:20:00+00:00,,16.6919,3.4578451597870985
2018-04-25 14:25:00+00:00,,20.9024,7.624867244623428
2018-04-25 14:30:00+00:00,,22.3149,5.077062233948039
2018-04-25 14:35:00+00:00,,15.5325,0.9668278890703369
2018-04-25 14:40:00+00:00,,17.8903,5.845000545355894
2018-04-25 14:45:00+00:00,,17.6089,5.7650280377067125
2018-04-25 14:50:00+00:00,,14.7452,8.293153737327524
2018-04-25 14:55:00+00:00,,14.7582,7.351260821586209
2018-04-25 15:00:00+00:00,,16.8582,1.940877183249979
2018-04-25 15:05:00+00:00,,14.1559,1.8457608976873834
2018-04-25 15:10:00+00:00,,16.9759,6.616844499064763
2018-04-25 15:15:00+00:00,,22.713,3.8228784362238897
2018-04-25 15:20:00+00:00,,17.3809,5.064778680127123
2018-04-25 15:25:00+00:00,,19.9162,7.648859942002492
2018-04-25 15:30:00+00:00,,20.1101,1.2289515021301283
2018-04-25 15:35:00+00:00,,16.4227,5.469349547165631
2018-04-25 15:40:00+00:00,,15.9894,0.9730300933902449
2018-04-25 15:45:00+00:00,,15.539,5.95833735937644
2018-04-25 15:50:00+00:00,,16.3638,-0.6394697314281133
2018-04-25 15:55:00+00:00,,15.0044,5.581479316939057
2018-04-25 16:00:00+00:00,,13.9839,4.4151935171439884
2018-04-25 16:05:00+00:00,,11.4935,4.915761407573744
2018-04-25 16:10:00+00:00,,-11.6579,8.85724581606526
2018-04-25 16:15:00+00:00,,4.3866,4.687096265393629
2018-04-25 16:20:00+00:00,,7.0135,7.574792539034625
2018-04-25 16:25:00+00:00,,-1.5216,7.650865664475139
2018-04-25 16:30:00+00:00,,5.3515,7.937845169159589
2018-04-25 16:35:00+00:00,,14.0243,2.997535546735567
2018-04-25 16:40:00+00:00,,7.5717,10.317497187793428
2018-04-25 16:45:00+00:00,,14.8821,8.15528203872233
2018-04-25 16:50:00+00:00,,13.8271,7.000679250868749
2018-04-25 16:55:00+00:00,,13.619,8.423294834702492
2018-04-25 17:00:00+00:00,,14.5458,10.115191020603216
2018-04-25 17:05:00+00:00,,7.4794,5.131145276839135
2018-04-25 17:10:00+00:00,,13.2799,6.7403933112697345
2018-04-25 17:15:00+00:00,,12.7568,7.732766527695774
2018-04-25 17:20:00+00:00,,7.3062,3.6892002370168413
2018-04-25 17:25:00+00:00,,-15.2591,6.322956683881549
2018-04-25 17:30:00+00:00,,14.4342,-5.702302337516347
2018-04-25 17:35:00+00:00,,14.5473,6.2955047859019215
2018-04-25 17:40:00+00:00,,15.7764,4.739545640338845
2018-04-25 17:45:00+00:00,,16.2429,6.315606759329759
2018-04-25 17:50:00+00:00,,16.2149,10.153153059748663
2018-04-25 17:55:00+00:00,,16.2169,7.59545985620511
2018-04-25 18:00:00+00:00,,16.037,3.3480310259807773
2018-04-25 18:05:00+00:00,,15.2162,9.257338049599092
2018-04-25 18:10:00+00:00,,-13.6307,7.48229130239803
2018-04-25 18:15:00+00:00,,15.1661,0.8332943323081823
2018-04-25 18:20:00+00:00,,14.6377,7.848002456158403
2018-04-25 18:25:00+00:00,,14.1384,2.8754667732485824
2018-04-25 18:30:00+00:00,,13.55,-3.0572771747689416
2018-04-25 18:35:00+00:00,,14.4954,6.930144905424955
2018-04-25 18:40:00+00:00,,-3.0085,5.84901427343343
2018-04-25 18:45:00+00:00,,14.7584,7.550349908488456
2018-04-25 18:50:00+00:00,,13.6183,19.336536985338984
2018-04-25 18:55:00+00:00,,15.4952,10.716844727214815
2018-04-25 19:00:00+00:00,,15.2605,6.343530818012481
2018-04-25 19:05:00+00:00,,15.7583,19.6196882099894
2018-04-25 19:10:00+00:00,,15.637,23.85792974923173
2018-04-25 19:15:00+00:00,,7.6787,11.11480439102068
2018-04-25 19:20:00+00:00,,14.364,11.614584273194797
2018-04-25 19:25:00+00:00,,14.3686,22.072328557788847
2018-04-25 19:30:00+00:00,,15.5161,29.110381297750923
2018-04-25 19:35:00+00:00,,14.4332,21.200292813181893
2018-04-25 19:40:00+00:00,,15.9652,13.294220031174046
2018-04-25 19:45:00+00:00,,10.9179,17.591063012785703
2018-04-25 19:50:00+00:00,,14.8101,18.561703453020474
2018-04-25 19:55:00+00:00,,11.331,18.44032401331901
2018-04-25 20:00:00+00:00,,13.6051,13.736219919078039
2018-04-25 20:05:00+00:00,,15.0289,19.595438146278866
2018-04-25 20:10:00+00:00,,15.7711,25.24741435776086
2018-04-25 20:15:00+00:00,,15.5905,34.6651911164728
2018-04-25 20:20:00+00:00,,13.893,22.661630329596917
2018-04-25 20:25:00+00:00,,14.0822,42.96417820042673
2018-04-25 20:30:00+00:00,,14.4977,6.5649686871889905
2018-04-25 20:35:00+00:00,,13.8452,21.427986008457683
2018-04-25 20:40:00+00:00,,-15.7293,39.562305919336644
2018-04-25 20:45:00+00:00,,-8.1243,16.407335554868798
2018-04-25 20:50:00+00:00,,-4.0679,15.43293611456003
2018-04-25 20:55:00+00:00,,8.2564,16.388304041094376
2018-04-25 21:00:00+00:00,,-19.0755,23.9164664065649
2018-04-25 21:05:00+00:00,,-7.1297,21.93709729952192
2018-04-25 21:10:00+00:00,,12.2341,22.67011244306446
2018-04-25 21:15:00+00:00,,10.0929,21.307559799922462
2018-04-25 21:20:00+00:00,,10.8379,24.21596685667007
2018-04-25 21:25:00+00:00,,-6.411,22.29804902970735
2018-04-25 21:30:00+00:00,,10.327,24.500550387269385
2018-04-25 21:35:00+00:00,,12.2443,21.700047751980378
2018-04-25 21:40:00+00:00,,14.1885,24.515672137178793
2018-04-25 21:45:00+00:00,,4.8853,15.301388685100292
2018-04-25 21:50:00+00:00,,13.9887,27.19359855192069
2018-04-25 21:55:00+00:00,,14.1397,24.501744671890826
2018-04-25 22:00:00+00:00,,13.2249,21.970106994011008
2018-04-25 22:05:00+00:00,,13.5225,20.419114518241216
2018-04-25 22:10:00+00:00,,13.64,24.875831430917188
2018-04-25 22:15:00+00:00,,13.6456,13.830820535706982
2018-04-25 22:20:00+00:00,,14.8748,19.478886951425796
2018-04-25 22:25:00+00:00,,14.3838,22.514438903129076
2018-04-25 22:30:00+00:00,,15.3385,23.67107586632791
2018-04-25 22:35:00+00:00,,13.0706,32.278848226704184
2018-04-25 22:40:00+00:00,,14.4605,26.585395272953768
2018-04-25 22:45:00+00:00,,6.4833,19.974316133199412
2018-04-25 22:50:00+00:00,,15.4554,19.306556391715606
2018-04-25 22:55:00+00:00,,9.6262,28.073436082641173
2018-04-25 23:00:00+00:00,,17.5465,29.052374336230226
2018-04-25 23:05:00+00:00,,14.9685,29.387208037226657
2018-04-25 23:10:00+00:00,,16.9162,37.57383356784307
2018-04-25 23:15:00+00:00,,14.7502,30.779944542045392
2018-04-25 23:20:00+00:00,,17.5563,31.19869794315114
2018-04-25 23:25:00+00:00,,17.7899,20.951112264577088
2018-04-25 23:30:00+00:00,,18.3815,32.306896268736416
2018-04-25 23:35:00+00:00,,17.9037,23.49650314404853
2018-04-25 23:40:00+00:00,,19.8687,26.427350422788574
2018-04-25 23:45:00+00:00,,18.9331,31.058881316821058
2018-04-25 23:50:00+00:00,,19.1378,25.326981655162697
2018-04-25 23:55:00+00:00,,18.9134,34.55905791588389
2018-04-26 00:00:00+00:00,,17.8178,37.69219853671283
2018-04-26 00:05:00+00:00,,15.5624,26.469107940640644
2018-04-26 00:10:00+00:00,,18.7008,26.42949865652819
2018-04-26 00:15:00+00:00,,18.9001,25.985964523303462
2018-04-26 00:20:00+00:00,,19.5288,27.643705666231295
2018-04-26 00:25:00+00:00,,21.3338,25.964999018540084
2018-04-26 00:30:00+00:00,,24.4562,26.79277559672926
2018-04-26 00:35:00+00:00,,58.6752,26.684182283847683
2018-04-26 00:40:00+00:00,,46.8006,28.883954179247066
2018-04-26 00:45:00+00:00,,55.6365,26.07422139284093
2018-04-26 00:50:00+00:00,,100.0,33.1547118823983
2018-04-26 00:55:00+00:00,,100.0,37.293999785995496
2018-04-26 01:00:00+00:00,,54.297,31.614320832568783
2018-04-26 01:05:00+00:00,,100.0,29.58781983076049
2018-04-26 01:10:00+00:00,,100.0,36.28379198480923
2018-04-26 01:15:00+00:00,,100.0,32.60050648452035
2018-04-26 01:20:00+00:00,,100.0,41.175494298600846
2018-04-26 01:25:00+00:00,,100.0,35.127483351985376
2018-04-26 01:30:00+00:00,,100.0,29.79515673201102
2018-04-26 01:35:00+00:00,,48.3949,32.65570583048796
2018-04-26 01:40:00+00:00,,24.6889,31.641599479820748
2018-04-26 01:45:00+00:00,,24.6373,39.99835271614955
2018-04-26 01:50:00+00:00,,24.6373,34.140888975060335
2018-04-26 01:55:00+00:00,,24.1326,30.92440071190197
2018-04-26 02:00:00+00:00,,23.7045,31.88549039603953
2018-04-26 02:05:00+00:00,,23.3917,36.21007318667045
2018-04-26 02:10:00+00:00,,22.3519,35.74166006845964
2018-04-26 02:15:00+00:00,,21.0218,34.23036216114697
2018-04-26 02:20:00+00:00,,23.3712,50.7871873838318
2018-04-26 02:25:00+00:00,,22.2421,37.73320361132824
2018-04-26 02:30:00+00:00,,21.4433,41.85197515246887
2018-04-26 02:35:00+00:00,,22.6045,38.36831102107758
2018-04-26 02:40:00+00:00,,23.1386,29.102257894567884
2018-04-26 02:45:00+00:00,,30.086,18.014020251516598
2018-04-26 02:50:00+00:00,,23.0963,22.336579754762823
2018-04-26 02:55:00+00:00,,30.9029,24.436217176292818
2018-04-26 03:00:00+00:00,,46.3612,24.008859025162057
2018-04-26 03:05:00+00:00,,31.7056,23.642235270350877
2018-04-26 03:10:00+00:00,,34.6333,26.016086407259433
2018-04-26 03:15:00+00:00,,21.6718,19.577571666333093
2018-04-26 03:20:00+00:00,,22.0483,19.978444674629674
2018-04-26 03:25:00+00:00,,21.2128,21.026346854374264
2018-04-26 03:30:00+00:00,,23.295,26.31492439907719
2018-04-26 03:35:00+00:00,,26.3603,26.304475318849434
2018-04-26 03:40:00+00:00,,24.3409,25.853478595447083
2018-04-26 03:45:00+00:00,,23.4842,27.165963052032012
2018-04-26 03:50:00+00:00,,21.2268,27.476350619878275
2018-04-26 03:55:00+00:00,,23.2723,24.623693690125712
2018-04-26 04:00:00+00:00,,31.3783,31.014965840505013
2018-04-26 04:05:00+00:00,,20.8088,27.014580775066644
2018-04-26 04:10:00+00:00,,22.1984,28.04286957397222
2018-04-26 04:15:00+00:00,,23.0284,28.600540782245663
2018-04-26 04:20:00+00:00,,27.1328,35.571804068622285
2018-04-26 04:25:00+00:00,,100.0,33.22834791747987
2018-04-26 04:30:00+00:00,,100.0,32.48193265021394
2018-04-26 04:35:00+00:00,,32.9607,36.60254971226991
2018-04-26 04:40:00+00:00,,23.9178,36.100113164256314
2018-04-26 04:45:00+00:00,,20.2457,29.214976039783814
2018-04-26 04:50:00+00:00,,22.3876,27.301128663185526
2018-04-26 04:55:00+00:00,,20.6543,29.351769323706144
2018-04-26 05:00:00+00:00,,18.7413,30.62496462194324
2018-04-26 05:05:00+00:00,,18.8743,32.869700481493716
2018-04-26 05:10:00+00:00,,18.4776,29.187737027436725
2018-04-26 05:15:00+00:00,,19.3877,28.039181148189247
2018-04-26 05:20:00+00:00,,19.5366,28.297033089709632
2018-04-26 05:25:00+00:00,,19.6823,27.809133189777473
2018-04-26 05:30:00+00:00,,19.3957,24.213000317672346
2018-04-26 05:35:00+00:00,,19.2994,25.817768346606258
2018-04-26 05:40:00+00:00,,18.5751,24.151247213433475
2018-04-26 05:45:00+00:00,,18.5882,25.50458513423666
2018-04-26 05:50:00+00:00,,18.7998,24.687978266639863
2018-04-26 05:55:00+00:00,,19.0423,23.417541888621695
2018-04-26 06:00:00+00:00,,19.7471,25.45496450670656
2018-04-26 06:05:00+00:00,,19.1077,28.531189244819206
2018-04-26 06:10:00+00:00,,18.5901,24.549597346464452
2018-04-26 06:15:00+00:00,,18.8766,29.222334071057357
2018-04-26 06:20:00+00:00,,18.7257,33.784935202484704
2018-04-26 06:25:00+00:00,,18.7236,30.59665212977969
2018-04-26 06:30:00+00:00,,18.7482,27.495206994933532
2018-04-26 06:35:00+00:00,,18.6042,23.995250293696508
2018-04-26 06:40:00+00:00,,18.6275,25.227183367631273
2018-04-26 06:45:00+00:00,,18.4818,33.826408028458644
2018-04-26 06:50:00+00:00,,18.3664,32.17511488171513
2018-04-26 06:55:00+00:00,,18.3346,23.58639219449005
2018-04-26 07:00:00+00:00,,17.9244,24.378659757009714
2018-04-26 07:05:00+00:00,,17.7978,26.74840620134342
2018-04-26 07:10:00+00:00,,17.6858,28.317188038690194
2018-04-26 07:15:00+00:00,,18.488,27.376217066174853
2018-04-26 07:20:00+00:00,,18.5936,36.3261434605063
2018-04-26 07:25:00+00:00,,17.7776,35.2746133005983
2018-04-26 07:30:00+00:00,,18.244,34.49193920839633
2018-04-26 07:35:00+00:00,,18.8227,28.2622020989252
2018-04-26 07:40:00+00:00,,18.8081,29.01881905244801
2018-04-26 07:45:00+00:00,,18.9817,33.254240504153415
2018-04-26 07:50:00+00:00,,19.0842,31.984941020803106
2018-04-26 07:55:00+00:00,,18.877,29.462934133193325
2018-04-26 08:00:00+00:00,,18.7308,32.547803198907076
2018-04-26 08:05:00+00:00,,19.1528,25.957602795393353
2018-04-26 08:10:00+00:00,,18.8808,23.95877266860831
2018-04-26 08:15:00+00:00,,18.7998,24.9108792168632
2018-04-26 08:20:00+00:00,,19.0052,25.21905945462469
2018-04-26 08:25:00+00:00,,18.7931,23.176272455479175
2018-04-26 08:30:00+00:00,,18.5661,28.98971921553505
2018-04-26 08:35:00+00:00,,18.4949,22.68894207399128
2018-04-26 08:40:00+00:00,,18.3595,24.65716616382488
2018-04-26 08:45:00+00:00,,18.3515,24.975739278984978
2018-04-26 08:50:00+00:00,,18.3104,26.281669167154984
2018-04-26 08:55:00+00:00,,18.475,25.361131648013128
2018-04-26 09:00:00+00:00,,18.5201,26.014258116926737
2018-04-26 09:05:00+00:00,,18.386,22.607532155819783
2018-04-26 09:10:00+00:00,,18.3692,19.92126054079446
2018-04-26 09:15:00+00:00,,18.4743,22.57743291221804
2018-04-26 09:20:00+00:00,,18.5962,22.98713251146763
2018-04-26 09:25:00+00:00,,18.7993,23.912312727116966
2018-04-26 09:30:00+00:00,,18.8232,20.713032894506924
2018-04-26 09:35:00+00:00,,18.8802,22.64139368728503
2018-04-26 09:40:00+00:00,,18.8024,22.765639534950008
2018-04-26 09:45:00+00:00,,18.814,23.200231474050792
2018-04-26 09:50:00+00:00,,18.8991,25.15831227067747
2018-04-26 09:55:00+00:00,,18.9464,28.116012931823903
2018-04-26 10:00:00+00:00,,19.0041,26.067685323298157
2018-04-26 10:05:00+00:00,,18.9689,13.456495077004467
2018-04-26 10:10:00+00:00,,19.086,12.758349075830424
2018-04-26 10:15:00+00:00,,19.483,19.15711279955826
2018-04-26 10:20:00+00:00,,19.4833,27.893565555659876
2018-04-26 10:25:00+00:00,,19.3496,20.511880430633312
2018-04-26 10:30:00+00:00,,19.4901,19.111028032343462
2018-04-26 10:35:00+00:00,,19.8993,20.450130554166027
2018-04-26 10:40:00+00:00,,20.04,18.13654825587953
2018-04-26 10:45:00+00:00,,20.1375,13.352084414795328
2018-04-26 10:50:00+00:00,,20.2027,12.746558561994103
2018-04-26 10:55:00+00:00,,20.4359,16.856765860451667
2018-04-26 11:00:00+00:00,,20.3692,13.23893517322043
2018-04-26 11:05:00+00:00,,19.547,21.37572019798723
2018-04-26 11:10:00+00:00,,20.4533,21.485481946313595
2018-04-26 11:15:00+00:00,,21.9495,21.169989250552476
2018-04-26 11:20:00+00:00,,22.0687,17.825196731402674
2018-04-26 11:25:00+00:00,,21.5306,19.260189731793528
2018-04-26 11:30:00+00:00,,22.6901,16.587368148410036
2018-04-26 11:35:00+00:00,,23.6879,18.326894316512384
2018-04-26 11:40:00+00:00,,22.9639,18.52154348710824
2018-04-26 11:45:00+00:00,,23.8344,22.522934249334376
2018-04-26 11:50:00+00:00,,24.8006,20.71931803318505
2018-04-26 11:55:00+00:00,,24.6808,25.588420976357227
2018-04-26 12:00:00+00:00,,19.1308,19.367806616451404
2018-04-26 12:05:00+00:00,,21.6231,29.988215657274555
2018-04-26 12:10:00+00:00,,22.5056,29.571698937446996
2018-04-26 12:15:00+00:00,,22.8159,32.281094589777915
2018-04-26 12:20:00+00:00,,22.8028,28.92643715337814
2018-04-26 12:25:00+00:00,,22.5607,28.565359659035416
2018-04-26 12:30:00+00:00,,22.677,26.848158570498242
2018-04-26 12:35:00+00:00,,22.6234,30.63324886951825
2018-04-26 12:40:00+00:00,,22.6346,30.59067974332479
2018-04-26 12:45:00+00:00,,22.5183,27.004108660787637
2018-04-26 12:50:00+00:00,,22.6532,37.44914758672865
2018-04-26 12:55:00+00:00,,22.6182,37.44742633357591
2018-04-26 13:00:00+00:00,,25.3978,34.31537109478958
2018-04-26 13:05:00+00:00,,24.3135,38.05114412842154
2018-04-26 13:10:00+00:00,,24.8811,31.969830070240484
2018-04-26 13:15:00+00:00,,26.2037,29.332103449760954
2018-04-26 13:20:00+00:00,,25.6486,33.088528539207424
2018-04-26 13:25:00+00:00,,28.1229,41.48685229523714
2018-04-26 13:30:00+00:00,,29.528,28.431367896834765
2018-04-26 13:35:00+00:00,,26.3784,32.90518484643816
2018-04-26 13:40:00+00:00,,49.6026,33.611582140863696
2018-04-26 13:45:00+00:00,,55.11,32.66589622543687
2018-04-26 13:50:00+00:00,,54.2771,36.80241456193243
2018-04-26 13:55:00+00:00,,48.5586,36.000041735548784
2018-04-26 14:00:00+00:00,,24.2466,34.471974729945984
2018-04-26 14:05:00+00:00,,25.473,30.84222193187017
2018-04-26 14:10:00+00:00,,25.4617,40.085587062622665
2018-04-26 14:15:00+00:00,,24.9964,27.54826027605094
2018-04-26 14:20:00+00:00,,25.0486,35.816512764528674
2018-04-26 14:25:00+00:00,,25.0593,47.282907669655074
2018-04-26 14:30:00+00:00,,23.9652,38.20648765599121
2018-04-26 14:35:00+00:00,,24.2297,30.662643746670383
2018-04-26 14:40:00+00:00,,24.968,46.72062103901642
2018-04-26 14:45:00+00:00,,24.6255,38.4450881074839
2018-04-26 14:50:00+00:00,,24.2047,36.49426923509588
2018-04-26 14:55:00+00:00,,25.2232,40.24568845245032
2018-04-26 15:00:00+00:00,,28.2151,47.475374067411934
2018-04-26 15:05:00+00:00,,24.7048,43.932052205402194
2018-04-26 15:10:00+00:00,,23.922,38.57592435308946
2018-04-26 15:15:00+00:00,,23.5587,46.358110575235145
2018-04-26 15:20:00+00:00,,23.7866,45.04021910962876
2018-04-26 15:25:00+00:00,,23.8251,46.60608189157525
2018-04-26 15:30:00+00:00,,23.9026,44.91701129943106
2018-04-26 15:35:00+00:00,,24.0462,34.59360942933783
2018-04-26 15:40:00+00:00,,23.8399,18.780587416406817
2018-04-26 15:45:00+00:00,,28.7249,45.4707306599663
2018-04-26 15:50:00+00:00,,24.6958,41.205901260594324
2018-04-26 15:55:00+00:00,,31.6884,39.33259879721489
2018-04-26 16:00:00+00:00,,31.8692,47.55084329149705
2018-04-26 16:05:00+00:00,,36.2915,26.527150986330593
2018-04-26 16:10:00+00:00,,44.6784,29.88863082992995
2018-04-26 16:15:00+00:00,,34.4528,35.93869257719511
2018-04-26 16:20:00+00:00,,32.9475,42.21846773147895
2018-04-26 16:25:00+00:00,,25.3787,20.124805759781218
2018-04-26 16:30:00+00:00,,29.401,39.20752704618003
2018-04-26 16:35:00+00:00,,31.0061,46.45518815797571
2018-04-26 16:40:00+00:00,,30.4297,29.777140006227445
2018-04-26 16:45:00+00:00,,30.8806,34.8405997225198
2018-04-26 16:50:00+00:00,,26.6756,44.88816370119644
2018-04-26 16:55:00+00:00,,25.166,37.01182347327223
2018-04-26 17:00:00+00:00,,24.9568,40.53168738789971
2018-04-26 17:05:00+00:00,,24.7562,35.7220561701161
2018-04-26 17:10:00+00:00,,25.2559,37.91562389363453
2018-04-26 17:15:00+00:00,,23.2926,37.77182902255341
2018-04-26 17:20:00+00:00,,24.7412,31.09986839186787
2018-04-26 17:25:00+00:00,,23.0413,42.31505725946222
2018-04-26 17:30:00+00:00,,23.4334,32.67785742857004
2018-04-26 17:35:00+00:00,,22.6733,47.596654314685324
2018-04-26 17:40:00+00:00,,13.1356,51.97680469091193
2018-04-26 17:45:00+00:00,,20.139,24.87084917230876
2018-04-26 17:50:00+00:00,,14.6954,29.5018953389983
2018-04-26 17:55:00+00:00,,23.0328,37.172077716949524
2018-04-26 18:00:00+00:00,,21.4955,38.93514973021523
2018-04-26 18:05:00+00:00,,26.7583,39.63162108377612
2018-04-26 18:10:00+00:00,,25.0081,40.00371632721245
2018-04-26 18:15:00+00:00,,87.0177,41.17471551553357
2018-04-26 18:20:00+00:00,,22.8985,27.72578835266039
2018-04-26 18:25:00+00:00,,24.3842,49.417244336437975
2018-04-26 18:30:00+00:00,,17.4108,54.34236451555291
2018-04-26 18:35:00+00:00,,21.6748,34.70431127249971
2018-04-26 18:40:00+00:00,,19.3615,47.31670824358159
2018-04-26 18:45:00+00:00,,19.7274,40.927050784737126
2018-04-26 18:50:00+00:00,,29.6624,40.53255612338643
2018-04-26 18:55:00+00:00,,24.5547,33.04911341975695
2018-04-26 19:00:00+00:00,,38.5008,55.79821266240001
2018-04-26 19:05:00+00:00,,28.0312,22.724519373978268
2018-04-26 19:10:00+00:00,,26.6539,40.1093918803854
2018-04-26 19:15:00+00:00,,37.1635,28.518518624821922
2018-04-26 19:20:00+00:00,,59.4047,50.25510060878144
2018-04-26 19:25:00+00:00,,34.4164,58.75990112232999
2018-04-26 19:30:00+00:00,,28.3847,38.15379338941386
2018-04-26 19:35:00+00:00,,23.0931,28.65694553177746
2018-04-26 19:40:00+00:00,,22.5356,33.5215839559852
2018-04-26 19:45:00+00:00,,25.7597,43.257961022344446
2018-04-26 19:50:00+00:00,,24.0995,22.230540929196753
2018-04-26 19:55:00+00:00,,24.6477,42.424842112043116
2018-04-26 20:00:00+00:00,,34.2937,40.21728506209042
2018-04-26 20:05:00+00:00,,24.8946,38.401716236001164
2018-04-26 20:10:00+00:00,,49.5854,34.78577162627476
2018-04-26 20:15:00+00:00,,27.4836,32.76766540769474
2018-04-26 20:20:00+00:00,,62.9032,43.23348761870123
2018-04-26 20:25:00+00:00,,40.2159,40.040990963122674
2018-04-26 20:30:00+00:00,,29.4137,19.973262628630415
2018-04-26 20:35:00+00:00,,24.5837,51.007483186783205
2018-04-26 20:40:00+00:00,,22.097,35.90293036739337
2018-04-26 20:45:00+00:00,,17.5796,31.262776237271837
2018-04-26 20:50:00+00:00,,23.7621,39.38264386841961
2018-04-26 20:55:00+00:00,,20.6158,33.675610228841
2018-04-26 21:00:00+00:00,,19.6249,30.338309025702355
2018-04-26 21:05:00+00:00,,18.9064,32.55083915888297
2018-04-26 21:10:00+00:00,,17.822,42.425144324384256
2018-04-26 21:15:00+00:00,,18.2513,24.387727055031466
2018-04-26 21:20:00+00:00,,18.3025,29.391649436775765
2018-04-26 21:25:00+00:00,,19.2502,52.50595549484236
2018-04-26 21:30:00+00:00,,16.4441,37.31785502669474
2018-04-26 21:35:00+00:00,,19.6757,43.39370068444539
2018-04-26 21:40:00+00:00,,19.2634,41.060764767568095
2018-04-26 21:45:00+00:00,,19.1379,38.77787568309846
2018-04-26 21:50:00+00:00,,18.9607,41.74288961228019
2018-04-26 21:55:00+00:00,,19.6174,29.142526676100047
2018-04-26 22:00:00+00:00,,27.6418,24.858790202191177
2018-04-26 22:05:00+00:00,,24.4658,44.576810632988774
2018-04-26 22:10:00+00:00,,24.211,37.12742170277649
2018-04-26 22:15:00+00:00,,23.4847,37.00957588407496
2018-04-26 22:20:00+00:00,,19.3282,34.17228435666975
2018-04-26 22:25:00+00:00,,18.6771,22.057915052473994
2018-04-26 22:30:00+00:00,,16.2592,29.232004540667884
2018-04-26 22:35:00+00:00,,21.7247,30.64864337708479
2018-04-26 22:40:00+00:00,,25.0576,27.014878011715282
2018-04-26 22:45:00+00:00,,16.6923,27.067167913857773
2018-04-26 22:50:00+00:00,,12.8877,22.322491399510685
2018-04-26 22:55:00+00:00,,20.6438,26.640039500586774
2018-04-26 23:00:00+00:00,,20.8097,28.938700368577827
2018-04-26 23:05:00+00:00,,19.1456,22.638054035911356
2018-04-26 23:10:00+00:00,,17.7496,41.65677681270648
2018-04-26 23:15:00+00:00,,17.8731,24.63890782821999
2018-04-26 23:20:00+00:00,,18.126,18.83904386148869
2018-04-26 23:25:00+00:00,,17.7947,29.244423409710667
2018-04-26 23:30:00+00:00,,15.3225,31.699020013777815
2018-04-26 23:35:00+00:00,,17.779,33.33160146800401
2018-04-26 23:40:00+00:00,,18.3735,32.840161945675064
2018-04-26 23:45:00+00:00,,18.0956,27.793413262008862
2018-04-26 23:50:00+00:00,,17.9528,31.416635904502385
2018-04-26 23:55:00+00:00,,16.9672,21.526493403542705
2018-04-27 00:00:00+00:00,,15.5557,26.06246169234362
2018-04-27 00:05:00+00:00,,20.6313,25.55602004922936
2018-04-27 00:10:00+00:00,,15.5888,25.912867648812572
2018-04-27 00:15:00+00:00,,16.8299,22.10585439664206
2018-04-27 00:20:00+00:00,,16.672,25.987216537626782
2018-04-27 00:25:00+00:00,,16.9124,27.927522448737378
2018-04-27 00:30:00+00:00,,16.7278,22.716472105303758
2018-04-27 00:35:00+00:00,,19.5804,21.904507807610493
2018-04-27 00:40:00+00:00,,81.3428,20.38693539431953
2018-04-27 00:45:00+00:00,,21.1074,17.043064260533335
2018-04-27 00:50:00+00:00,,20.7337,24.22359618285618
2018-04-27 00:55:00+00:00,,18.5828,16.02999326772224
2018-04-27 01:00:00+00:00,,12.1016,20.21854805190325
2018-04-27 01:05:00+00:00,,16.6712,23.209720876304957
2018-04-27 01:10:00+00:00,,13.0364,20.955123952109307
2018-04-27 01:15:00+00:00,,100.0,22.406851675039675
2018-04-27 01:20:00+00:00,,29.1083,18.815219484335962
2018-04-27 01:25:00+00:00,,27.6134,16.44112806579736
2018-04-27 01:30:00+00:00,,25.623,22.226734935991743
2018-04-27 01:35:00+00:00,,19.9846,22.353717290656913
2018-04-27 01:40:00+00:00,,26.3446,14.697168200522785
2018-04-27 01:45:00+00:00,,43.6153,19.46236130803413
2018-04-27 01:50:00+00:00,,28.8071,24.73101819379581
2018-04-27 01:55:00+00:00,,22.0005,29.102156346436182
2018-04-27 02:00:00+00:00,,23.0256,27.420777016861926
2018-04-27 02:05:00+00:00,,20.8999,26.717851522841837
2018-04-27 02:10:00+00:00,,29.3595,28.795546835076696
2018-04-27 02:15:00+00:00,,21.3656,25.37178882172761
2018-04-27 02:20:00+00:00,,20.626,20.337079527365912
2018-04-27 02:25:00+00:00,,20.9545,20.291205444485747
2018-04-27 02:30:00+00:00,,20.2801,14.08233313955092
2018-04-27 02:35:00+00:00,,19.9007,20.529486911879687
2018-04-27 02:40:00+00:00,,20.0065,25.68140890810488
2018-04-27 02:45:00+00:00,,19.38,30.914137060942345
2018-04-27 02:50:00+00:00,,19.5638,25.77992642383864
2018-04-27 02:55:00+00:00,,20.3484,30.28198089893374
2018-04-27 03:00:00+00:00,,19.995,19.362881146833065
2018-04-27 03:05:00+00:00,,20.1268,21.455347097669264
2018-04-27 03:10:00+00:00,,20.3436,26.76417852919838
2018-04-27 03:15:00+00:00,,19.1264,23.11132246500375
2018-04-27 03:20:00+00:00,,18.8952,29.773326730417825
2018-04-27 03:25:00+00:00,,18.838,25.28054345511742
2018-04-27 03:30:00+00:00,,18.9574,31.729247833090977
2018-04-27 03:35:00+00:00,,18.5865,28.251163450064915
2018-04-27 03:40:00+00:00,,18.4802,29.062811984967837
2018-04-27 03:45:00+00:00,,18.5715,31.167817716513678
2018-04-27 03:50:00+00:00,,17.7679,24.39053504073766
2018-04-27 03:55:00+00:00,,17.8047,31.235240745321615
2018-04-27 04:00:00+00:00,,18.4182,29.77273799934983
2018-04-27 04:05:00+00:00,,18.3914,28.060883300488253
2018-04-27 04:10:00+00:00,,18.4924,30.713043929116484
2018-04-27 04:15:00+00:00,,18.6819,28.472627029339037
2018-04-27 04:20:00+00:00,,18.6722,28.115104315771244
2018-04-27 04:25:00+00:00,,18.6348,23.260045690163036
2018-04-27 04:30:00+00:00,,18.6392,21.280936550213287
2018-04-27 04:35:00+00:00,,18.663,29.512600621929124
2018-04-27 04:40:00+00:00,,18.6324,28.228679633829483
2018-04-27 04:45:00+00:00,,18.6302,23.14359210744639
2018-04-27 04:50:00+00:00,,18.612,23.81006410332162
2018-04-27 04:55:00+00:00,,18.5741,23.604308936633906
2018-04-27 05:00:00+00:00,,18.6042,25.68444359112694
2018-04-27 05:05:00+00:00,,18.3954,24.357878571476597
2018-04-27 05:10:00+00:00,,18.3431,23.66617549554321
2018-04-27 05:15:00+00:00,,18.3099,22.497363857709573
2018-04-27 05:20:00+00:00,,18.0007,24.325573387057904
2018-04-27 05:25:00+00:00,,17.893,25.590357129775185
2018-04-27 05:30:00+00:00,,17.8179,26.19649170693249
2018-04-27 05:35:00+00:00,,17.6219,21.529969811153727
2018-04-27 05:40:00+00:00,,17.5518,23.458151967572753
2018-04-27 05:45:00+00:00,,17.5021,23.19224832688365
2018-04-27 05:50:00+00:00,,16.426,24.10673362127577
2018-04-27 05:55:00+00:00,,15.6805,19.36159776535696
2018-04-27 06:00:00+00:00,,15.3759,23.225996292479568
2018-04-27 06:05:00+00:00,,15.9883,20.407465377660888
2018-04-27 06:10:00+00:00,,15.9971,23.458714845964998
2018-04-27 06:15:00+00:00,,15.8282,21.18170539954881
2018-04-27 06:20:00+00:00,,15.688,20.597942834845114
2018-04-27 06:25:00+00:00,,15.5006,24.128884367199014
2018-04-27 06:30:00+00:00,,15.5338,22.61976943906185
2018-04-27 06:35:00+00:00,,15.486,20.60266631828307
2018-04-27 06:40:00+00:00,,15.2875,15.374201462200501
2018-04-27 06:45:00+00:00,,15.5808,15.619208543151304
2018-04-27 06:50:00+00:00,,15.5838,16.0498727969032
2018-04-27 06:55:00+00:00,,15.615,16.769703943764807
2018-04-27 07:00:00+00:00,,15.4749,17.769567141428105
2018-04-27 07:05:00+00:00,,15.4445,17.95108879211953
2018-04-27 07:10:00+00:00,,15.5192,17.718777591002596
2018-04-27 07:15:00+00:00,,15.5289,16.85443463396878
2018-04-27 07:20:00+00:00,,15.4867,20.24692516466106
2018-04-27 07:25:00+00:00,,15.2472,19.75139395723059
2018-04-27 07:30:00+00:00,,15.2132,18.146555291424562
2018-04-27 07:35:00+00:00,,15.195,18.66490551693352
2018-04-27 07:40:00+00:00,,15.1062,21.766751052167873
2018-04-27 07:45:00+00:00,,15.2011,19.90721384715086
2018-04-27 07:50:00+00:00,,15.1945,18.067871273943283
2018-04-27 07:55:00+00:00,,15.2328,20.42748714837736
2018-04-27 08:00:00+00:00,,15.2326,20.715538381399575
2018-04-27 08:05:00+00:00,,15.322,15.262242154922511
2018-04-27 08:10:00+00:00,,15.3675,21.67638599031792
2018-04-27 08:15:00+00:00,,15.401,23.678307733513332
2018-04-27 08:20:00+00:00,,15.3774,17.26758490360546
2018-04-27 08:25:00+00:00,,15.1884,22.101642137826428
2018-04-27 08:30:00+00:00,,16.3004,17.287453422107745
2018-04-27 08:35:00+00:00,,15.7369,18.55094491289673
2018-04-27 08:40:00+00:00,,15.8306,13.796517535250318
2018-04-27 08:45:00+00:00,,17.0079,25.16826402146439
2018-04-27 08:50:00+00:00,,16.7882,17.657467353966304
2018-04-27 08:55:00+00:00,,17.2557,21.07922890943097
2018-04-27 09:00:00+00:00,,17.3648,19.263859955739484
2018-04-27 09:05:00+00:00,,17.1802,18.34330912266651
2018-04-27 09:10:00+00:00,,17.2121,19.437966204482116
2018-04-27 09:15:00+00:00,,17.2143,17.588890801980426
2018-04-27 09:20:00+00:00,,17.5244,17.735692781004037
2018-04-27 09:25:00+00:00,,17.6087,17.03863283989447
2018-04-27 09:30:00+00:00,,17.5986,14.868218532272662
2018-04-27 09:35:00+00:00,,17.4795,14.4363872415397
2018-04-27 09:40:00+00:00,,17.5801,18.52419898043082
2018-04-27 09:45:00+00:00,,18.0173,21.08828159657474
2018-04-27 09:50:00+00:00,,19.6616,19.393016615224617
2018-04-27 09:55:00+00:00,,18.6875,17.062418931357847
2018-04-27 10:00:00+00:00,,18.2037,18.15028631159798
2018-04-27 10:05:00+00:00,,18.4152,18.49209306324346
2018-04-27 10:10:00+00:00,,18.1645,20.63702514568378
2018-04-27 10:15:00+00:00,,19.7534,23.404146103938896
2018-04-27 10:20:00+00:00,,19.6789,23.62238323097843
2018-04-27 10:25:00+00:00,,19.7758,20.75301754231223
2018-04-27 10:30:00+00:00,,20.0157,24.99281389294172
2018-04-27 10:35:00+00:00,,20.6867,19.404590553646994
2018-04-27 10:40:00+00:00,,22.8791,17.168139158513906
2018-04-27 10:45:00+00:00,,26.8788,17.245974083297188
2018-04-27 10:50:00+00:00,,41.6773,21.80966730843346
2018-04-27 10:55:00+00:00,,20.1049,16.162249224949566
2018-04-27 11:00:00+00:00,,19.7563,15.990069675922532
2018-04-27 11:05:00+00:00,,19.7515,15.491718913922403
2018-04-27 11:10:00+00:00,,18.8251,17.20028878323971
2018-04-27 11:15:00+00:00,,19.3354,17.18401659461185
2018-04-27 11:20:00+00:00,,19.9844,19.9776687119789
2018-04-27 11:25:00+00:00,,20.7793,17.508708684880673
2018-04-27 11:30:00+00:00,,30.9314,20.540723233496735
2018-04-27 11:35:00+00:00,,46.2505,18.43490670563544
2018-04-27 11:40:00+00:00,,42.3947,17.574495087442806
2018-04-27 11:45:00+00:00,,44.8822,17.20571163644464
2018-04-27 11:50:00+00:00,,21.3908,21.014813093277503
2018-04-27 11:55:00+00:00,,20.0484,16.645574841487715
2018-04-27 12:00:00+00:00,,20.8242,19.228472715977272
2018-04-27 12:05:00+00:00,,23.0211,18.16527935786956
2018-04-27 12:10:00+00:00,,22.272,20.011900391959653
2018-04-27 12:15:00+00:00,,21.407,20.588122565945515
2018-04-27 12:20:00+00:00,,21.6494,22.37754482875714
2018-04-27 12:25:00+00:00,,21.6105,22.58071710968907
2018-04-27 12:30:00+00:00,,21.0377,19.911348376628013
2018-04-27 12:35:00+00:00,,21.0709,22.734756916759192
2018-04-27 12:40:00+00:00,,21.0938,18.53689736749868
2018-04-27 12:45:00+00:00,,21.1552,17.786474978036086
2018-04-27 12:50:00+00:00,,20.9346,21.335823918432162
2018-04-27 12:55:00+00:00,,20.7884,19.944052875814748
2018-04-27 13:00:00+00:00,,21.6595,21.67024183662329
2018-04-27 13:05:00+00:00,,19.8976,19.57341481411251
2018-04-27 13:10:00+00:00,,17.9518,14.216071125401015
2018-04-27 13:15:00+00:00,,19.9262,23.497350041815125
2018-04-27 13:20:00+00:00,,20.1971,16.836299431076228
2018-04-27 13:25:00+00:00,,20.0263,16.911577560634353
2018-04-27 13:30:00+00:00,,21.4349,22.52769852056655
2018-04-27 13:35:00+00:00,,21.4271,30.25658648412571
2018-04-27 13:40:00+00:00,,21.9378,13.533206453965425
2018-04-27 13:45:00+00:00,,23.2377,25.20513077703232
2018-04-27 13:50:00+00:00,,25.6834,16.794608788714893
2018-04-27 13:55:00+00:00,,24.8462,20.852832265710372
2018-04-27 14:00:00+00:00,,49.2103,28.984481933341694
2018-04-27 14:05:00+00:00,,29.3217,20.484509273859985
2018-04-27 14:10:00+00:00,,26.4268,22.87640662631215
2018-04-27 14:15:00+00:00,,27.3956,25.357285847788233
2018-04-27 14:20:00+00:00,,27.2841,23.777068562732186
2018-04-27 14:25:00+00:00,,26.9316,17.521025226608938
2018-04-27 14:30:00+00:00,,24.7614,18.084460489941677
2018-04-27 14:35:00+00:00,,23.9033,23.7797912464527
2018-04-27 14:40:00+00:00,,23.8509,22.591483346942795
2018-04-27 14:45:00+00:00,,23.9347,30.3813069123851
2018-04-27 14:50:00+00:00,,23.8296,22.995372781440423
2018-04-27 14:55:00+00:00,,24.0706,21.813588323844858
2018-04-27 15:00:00+00:00,,23.4955,21.423903664240143
2018-04-27 15:05:00+00:00,,23.1497,20.001260125550065
2018-04-27 15:10:00+00:00,,24.1275,22.09054644886813
2018-04-27 15:15:00+00:00,,23.1281,22.805265617603375
2018-04-27 15:20:00+00:00,,22.6231,31.110326190270968
2018-04-27 15:25:00+00:00,,23.8497,24.088778208103474
2018-04-27 15:30:00+00:00,,20.374,19.92627547143105
2018-04-27 15:35:00+00:00,,20.6582,34.9677441079175
2018-04-27 15:40:00+00:00,,19.8743,33.68491871616184
2018-04-27 15:45:00+00:00,,20.1217,25.51028385474888
2018-04-27 15:50:00+00:00,,20.5919,22.212574313632782
2018-04-27 15:55:00+00:00,,21.1082,18.756841374825363
2018-04-27 16:00:00+00:00,,22.271,16.592192705286376
2018-04-27 16:05:00+00:00,,21.4439,29.405271258155732
2018-04-27 16:10:00+00:00,,20.9907,32.42643811991235
2018-04-27 16:15:00+00:00,,20.4287,25.039108538821594
2018-04-27 16:20:00+00:00,,20.8612,40.5193389254165
2018-04-27 16:25:00+00:00,,21.3061,26.236517013759915
2018-04-27 16:30:00+00:00,,23.021,35.818254932071945
2018-04-27 16:35:00+00:00,,21.586,48.94936581555303
2018-04-27 16:40:00+00:00,,22.0549,35.125073533715685
2018-04-27 16:45:00+00:00,,21.229,31.46376139973907
2018-04-27 16:50:00+00:00,,22.0412,32.635576434343676
2018-04-27 16:55:00+00:00,,23.0082,50.72564353685378
2018-04-27 17:00:00+00:00,,28.9669,51.68547154233941
2018-04-27 17:05:00+00:00,,30.9591,50.861792180613236
2018-04-27 17:10:00+00:00,,26.673,27.376718807024687
2018-04-27 17:15:00+00:00,,26.4982,44.68209685495668
2018-04-27 17:20:00+00:00,,23.1223,42.59586797016944
2018-04-27 17:25:00+00:00,,23.6703,38.07729249107189
2018-04-27 17:30:00+00:00,,21.4045,35.46499899300865
2018-04-27 17:35:00+00:00,,23.2647,27.15487117961675
2018-04-27 17:40:00+00:00,,22.6395,42.861028876063166
2018-04-27 17:45:00+00:00,,24.6759,43.577289901947545
2018-04-27 17:50:00+00:00,,27.2291,45.424022883519235
2018-04-27 17:55:00+00:00,,28.0449,35.81991903205117
2018-04-27 18:00:00+00:00,,28.7816,30.7426218832648
2018-04-27 18:05:00+00:00,,27.182,50.1694675901604
2018-04-27 18:10:00+00:00,,26.2179,38.94482154726574
2018-04-27 18:15:00+00:00,,24.7557,40.43208168835849
2018-04-27 18:20:00+00:00,,24.2379,41.84488186261761
2018-04-27 18:25:00+00:00,,25.1964,47.706788029572934
2018-04-27 18:30:00+00:00,,31.7464,42.45729833552653
2018-04-27 18:35:00+00:00,,33.6778,41.90162696060463
2018-04-27 18:40:00+00:00,,34.082,46.95056850895931
2018-04-27 18:45:00+00:00,,32.2633,33.06154953884173
2018-04-27 18:50:00+00:00,,27.7528,29.447153105767306
2018-04-27 18:55:00+00:00,,26.2034,16.17486936225706
2018-04-27 19:00:00+00:00,,26.1846,37.93656330481659
2018-04-27 19:05:00+00:00,,27.0331,40.47434112397986
2018-04-27 19:10:00+00:00,,99.2026,44.315466652500554
2018-04-27 19:15:00+00:00,,76.0094,26.371315016100095
2018-04-27 19:20:00+00:00,,92.6842,34.874248168012514
2018-04-27 19:25:00+00:00,,73.7636,44.88748447855603
2018-04-27 19:30:00+00:00,,36.1717,25.08621613277479
2018-04-27 19:35:00+00:00,,90.1841,21.170388697968317
2018-04-27 19:40:00+00:00,,36.1745,34.41253318438223
2018-04-27 19:45:00+00:00,,70.2187,38.870502010690295
2018-04-27 19:50:00+00:00,,42.5618,33.49611348224542
2018-04-27 19:55:00+00:00,,29.3952,73.33114128910094
2018-04-27 20:00:00+00:00,,30.1802,52.91632633716446
2018-04-27 20:05:00+00:00,,29.5258,30.217874343565622
2018-04-27 20:10:00+00:00,,31.3992,36.36481515095899
2018-04-27 20:15:00+00:00,,31.3897,37.04207336125036
2018-04-27 20:20:00+00:00,,27.8035,57.203122934342524
2018-04-27 20:25:00+00:00,,31.3242,48.934864720970054
2018-04-27 20:30:00+00:00,,32.1844,31.442264984742934
2018-04-27 20:35:00+00:00,,29.9767,20.40140266029082
2018-04-27 20:40:00+00:00,,48.3239,37.81396188238344
2018-04-27 20:45:00+00:00,,35.9816,56.47847113264825
2018-04-27 20:50:00+00:00,,33.833,25.291969554362492
2018-04-27 20:55:00+00:00,,32.3644,26.73242679824888
2018-04-27 21:00:00+00:00,,32.0872,42.23554130777211
2018-04-27 21:05:00+00:00,,27.6045,25.165923826248726
2018-04-27 21:10:00+00:00,,22.2848,39.800661059409016
2018-04-27 21:15:00+00:00,,21.4508,34.27825609840721
2018-04-27 21:20:00+00:00,,21.16,38.46669722665555
2018-04-27 21:25:00+00:00,,21.1788,44.537273641944964
2018-04-27 21:30:00+00:00,,21.5505,24.58185980633574
2018-04-27 21:35:00+00:00,,21.72,40.57465139505822
2018-04-27 21:40:00+00:00,,23.024,39.61854992549423
2018-04-27 21:45:00+00:00,,22.7468,43.29306686727582
2018-04-27 21:50:00+00:00,,23.0935,55.9098136562738
2018-04-27 21:55:00+00:00,,22.6283,50.393640615504815
2018-04-27 22:00:00+00:00,,24.1785,34.18085821263845
2018-04-27 22:05:00+00:00,,24.6085,25.832796649173638
2018-04-27 22:10:00+00:00,,24.4486,28.859051319525392
2018-04-27 22:15:00+00:00,,24.3176,26.15035540261603
2018-04-27 22:20:00+00:00,,24.6654,55.827109745127274
2018-04-27 22:25:00+00:00,,25.1145,31.31229817748009
2018-04-27 22:30:00+00:00,,26.1687,45.764535506572656
2018-04-27 22:35:00+00:00,,26.2272,35.01911826273498
2018-04-27 22:40:00+00:00,,24.9657,27.67640497092156
2018-04-27 22:45:00+00:00,,25.0376,43.906069242641884
2018-04-27 22:50:00+00:00,,25.2991,42.20356486627641
2018-04-27 22:55:00+00:00,,24.4674,44.369366174764195
2018-04-27 23:00:00+00:00,,24.1249,34.18003172944599
2018-04-27 23:05:00+00:00,,23.5645,34.09746930748777
2018-04-27 23:10:00+00:00,,22.473,48.742249346178276
2018-04-27 23:15:00+00:00,,23.735,23.127560552621897
2018-04-27 23:20:00+00:00,,24.347,45.48052808965576
2018-04-27 23:25:00+00:00,,25.8253,41.83811784216544
2018-04-27 23:30:00+00:00,,26.8041,43.744989382946905
2018-04-27 23:35:00+00:00,,26.6437,26.58913067622825
2018-04-27 23:40:00+00:00,,26.4152,45.758619430511224
2018-04-27 23:45:00+00:00,,26.4074,43.5735704977751
2018-04-27 23:50:00+00:00,,24.6928,46.397191418497236
2018-04-27 23:55:00+00:00,,23.6837,55.53079554193002
2018-04-28 00:00:00+00:00,,22.4557,55.129256213563814
2018-04-28 00:05:00+00:00,,23.9932,54.60312031620211
2018-04-28 00:10:00+00:00,,24.3284,50.2299464505636
2018-04-28 00:15:00+00:00,,24.4219,48.25342117144523
2018-04-28 00:20:00+00:00,,24.6837,46.52618570504251
2018-04-28 00:25:00+00:00,,24.6701,53.995880074223535
2018-04-28 00:30:00+00:00,,24.2595,48.366527652926436
2018-04-28 00:35:00+00:00,,24.1149,37.36496911527928
2018-04-28 00:40:00+00:00,,24.6696,37.706640868030874
2018-04-28 00:45:00+00:00,,24.1981,36.27384432676486
2018-04-28 00:50:00+00:00,,22.7399,28.77457609875388
2018-04-28 00:55:00+00:00,,20.4156,36.00549911205722
2018-04-28 01:00:00+00:00,,19.3216,29.979168582334015
2018-04-28 01:05:00+00:00,,19.6215,50.57674340534141
2018-04-28 01:10:00+00:00,,19.2912,31.811906780052585
2018-04-28 01:15:00+00:00,,20.1838,30.972828558543718
2018-04-28 01:20:00+00:00,,20.2849,28.6829694818046
2018-04-28 01:25:00+00:00,,21.2349,34.37351645588179
2018-04-28 01:30:00+00:00,,21.3713,31.493054819903147
2018-04-28 01:35:00+00:00,,23.3825,26.463701456030464
2018-04-28 01:40:00+00:00,,22.2938,29.215337392111408
2018-04-28 01:45:00+00:00,,22.1773,29.76801197091088
2018-04-28 01:50:00+00:00,,22.4514,29.88299175622742
2018-04-28 01:55:00+00:00,,23.3775,29.52265633175866
2018-04-28 02:00:00+00:00,,23.8695,30.468301608798818
2018-04-28 02:05:00+00:00,,22.6666,33.48959073867828
2018-04-28 02:10:00+00:00,,31.7438,36.58509147814164
2018-04-28 02:15:00+00:00,,22.9022,49.300163106619095
2018-04-28 02:20:00+00:00,,22.6265,50.437741640741734
2018-04-28 02:25:00+00:00,,22.8388,32.12244911626302
2018-04-28 02:30:00+00:00,,22.8445,30.316058002748434
2018-04-28 02:35:00+00:00,,20.8641,26.787196140236766
2018-04-28 02:40:00+00:00,,20.2371,32.33004806165814
2018-04-28 02:45:00+00:00,,19.141,32.91115422153332
2018-04-28 02:50:00+00:00,,15.8091,31.839985069876665
2018-04-28 02:55:00+00:00,,18.5398,28.70062770939476
2018-04-28 03:00:00+00:00,,18.7975,31.657956166780764
2018-04-28 03:05:00+00:00,,18.6817,34.163924881496314
2018-04-28 03:10:00+00:00,,19.374,33.61983864705857
2018-04-28 03:15:00+00:00,,18.7716,31.83026987866083
2018-04-28 03:20:00+00:00,,18.7006,27.698358729774153
2018-04-28 03:25:00+00:00,,18.9387,26.44286446284834
2018-04-28 03:30:00+00:00,,18.7721,27.861319579388226
2018-04-28 03:35:00+00:00,,18.3917,28.641668583713113
2018-04-28 03:40:00+00:00,,15.0214,24.10210613282308
2018-04-28 03:45:00+00:00,,14.8537,23.882246010754194
2018-04-28 03:50:00+00:00,,14.4403,21.307793587697976
2018-04-28 03:55:00+00:00,,15.5674,23.972255506650956
2018-04-28 04:00:00+00:00,,17.4941,29.640877364613296
2018-04-28 04:05:00+00:00,,15.5283,23.52500902235874
2018-04-28 04:10:00+00:00,,14.8155,27.814721111839003
2018-04-28 04:15:00+00:00,,14.644,27.027759981419564
2018-04-28 04:20:00+00:00,,0.0001,25.048390955591763
2018-04-28 04:25:00+00:00,,0.0016,25.482175514032367
2018-04-28 04:30:00+00:00,,0.0016,25.186611345281523
2018-04-28 04:35:00+00:00,,1.0442,22.663954731535863
2018-04-28 04:40:00+00:00,,8.4791,24.639670468984523
2018-04-28 04:45:00+00:00,,14.1011,34.1855329451773
2018-04-28 04:50:00+00:00,,0.0018,25.09855161718549
2018-04-28 04:55:00+00:00,,8.4821,24.82967458333581
2018-04-28 05:00:00+00:00,,0.0023,22.228428882519363
2018-04-28 05:05:00+00:00,,0.0018,20.33983839438664
2018-04-28 05:10:00+00:00,,0.0018,30.015505384232643
2018-04-28 05:15:00+00:00,,13.3704,28.82287261297148
2018-04-28 05:20:00+00:00,,12.2491,29.78628650169032
2018-04-28 05:25:00+00:00,,13.4194,29.355629767378463
2018-04-28 05:30:00+00:00,,13.4634,30.669478945072715
2018-04-28 05:35:00+00:00,,13.3637,33.672764424943765
2018-04-28 05:40:00+00:00,,13.0586,34.52569580571065
2018-04-28 05:45:00+00:00,,13.1821,30.966810859004045
2018-04-28 05:50:00+00:00,,13.0723,25.31440181788564
2018-04-28 05:55:00+00:00,,14.5317,27.901522134685557
2018-04-28 06:00:00+00:00,,14.9025,29.848087161293765
2018-04-28 06:05:00+00:00,,14.7201,27.579824536113946
2018-04-28 06:10:00+00:00,,14.5989,23.430624229327268
2018-04-28 06:15:00+00:00,,14.6195,27.549727601148394
2018-04-28 06:20:00+00:00,,14.4937,30.654482364764704
2018-04-28 06:25:00+00:00,,14.451,30.125742723467994
2018-04-28 06:30:00+00:00,,14.416,26.3323810184932
2018-04-28 06:35:00+00:00,,14.501,27.05222995592483
2018-04-28 06:40:00+00:00,,14.4783,27.83074528026528
2018-04-28 06:45:00+00:00,,12.5564,29.752456410714615
2018-04-28 06:50:00+00:00,,14.2749,29.631287979554973
2018-04-28 06:55:00+00:00,,14.3058,24.621499302838963
2018-04-28 07:00:00+00:00,,14.0797,24.93910195712803
2018-04-28 07:05:00+00:00,,14.1156,24.45895635421347
2018-04-28 07:10:00+00:00,,14.1087,27.90875055686279
2018-04-28 07:15:00+00:00,,13.9586,27.683854889066062
2018-04-28 07:20:00+00:00,,15.0487,39.61961189307427
2018-04-28 07:25:00+00:00,,14.8262,24.49920300818658
2018-04-28 07:30:00+00:00,,14.727,27.013492792003515
2018-04-28 07:35:00+00:00,,14.568,24.392756820277867
2018-04-28 07:40:00+00:00,,14.3294,24.56599699639152
2018-04-28 07:45:00+00:00,,14.1979,24.62654637421028
2018-04-28 07:50:00+00:00,,14.2458,24.61312456122864
2018-04-28 07:55:00+00:00,,12.2603,28.034857515112808
2018-04-28 08:00:00+00:00,,10.2643,20.97392006584904
2018-04-28 08:05:00+00:00,,10.5462,27.32053440364192
2018-04-28 08:10:00+00:00,,9.2439,28.649575394978385
2018-04-28 08:15:00+00:00,,10.3829,27.43835564953619
2018-04-28 08:20:00+00:00,,11.3444,25.593463140389876
2018-04-28 08:25:00+00:00,,12.7464,34.963252741415815
2018-04-28 08:30:00+00:00,,13.3588,31.132761712316412
2018-04-28 08:35:00+00:00,,14.6933,33.2622278933377
2018-04-28 08:40:00+00:00,,13.5285,28.052580907153114
2018-04-28 08:45:00+00:00,,13.8187,36.13940040623684
2018-04-28 08:50:00+00:00,,13.5942,33.78232423385337
2018-04-28 08:55:00+00:00,,13.8224,36.58479115897003
2018-04-28 09:00:00+00:00,,13.7412,37.403322869871666
2018-04-28 09:05:00+00:00,,13.6952,39.721402533531524
2018-04-28 09:10:00+00:00,,13.7624,56.15759041594004
2018-04-28 09:15:00+00:00,,13.8536,34.09044022681562
2018-04-28 09:20:00+00:00,,13.8902,31.76319801741377
2018-04-28 09:25:00+00:00,,14.0269,42.55064471965481
2018-04-28 09:30:00+00:00,,13.6327,43.37863923517855
2018-04-28 09:35:00+00:00,,13.7937,51.18879105866188
2018-04-28 09:40:00+00:00,,13.6838,50.72025048591171
2018-04-28 09:45:00+00:00,,14.143,42.4321428976428
2018-04-28 09:50:00+00:00,,14.2966,45.59489962809518
2018-04-28 09:55:00+00:00,,14.0546,42.22768600537546
2018-04-28 10:00:00+00:00,,14.1028,46.25688770968901
2018-04-28 10:05:00+00:00,,14.4974,32.5381506900102
2018-04-28 10:10:00+00:00,,14.8395,50.43434190027611
2018-04-28 10:15:00+00:00,,14.7716,32.50935667227375
2018-04-28 10:20:00+00:00,,14.4807,32.114088886991304
2018-04-28 10:25:00+00:00,,14.6312,37.46120450989981
2018-04-28 10:30:00+00:00,,14.8204,35.45931006024566
2018-04-28 10:35:00+00:00,,14.8944,37.604273999538556
2018-04-28 10:40:00+00:00,,15.5033,42.778352218834925
2018-04-28 10:45:00+00:00,,15.9667,34.766746532399736
2018-04-28 10:50:00+00:00,,15.6475,40.37058868231559
2018-04-28 10:55:00+00:00,,16.9946,34.645432993476675
2018-04-28 11:00:00+00:00,,16.642,33.185839065664446
2018-04-28 11:05:00+00:00,,17.6999,36.323068630583336
2018-04-28 11:10:00+00:00,,17.7277,42.13116262660809
2018-04-28 11:15:00+00:00,,17.245,34.77491298213259
2018-04-28 11:20:00+00:00,,17.2908,30.991750987629977
2018-04-28 11:25:00+00:00,,16.9248,34.14138199515539
2018-04-28 11:30:00+00:00,,16.8637,40.69475079163628
2018-04-28 11:35:00+00:00,,16.6921,35.72544942882337
2018-04-28 11:40:00+00:00,,16.5403,31.14955284287513
2018-04-28 11:45:00+00:00,,15.9451,28.78646738601469
2018-04-28 11:50:00+00:00,,15.3443,30.920979616399094
2018-04-28 11:55:00+00:00,,14.9625,32.98000821238327
2018-04-28 12:00:00+00:00,,15.3964,38.32987307435557
2018-04-28 12:05:00+00:00,,16.2362,24.773909736353747
2018-04-28 12:10:00+00:00,,16.3277,24.50894654332742
2018-04-28 12:15:00+00:00,,16.3989,35.48391232815168
2018-04-28 12:20:00+00:00,,15.5853,33.796853034904366
2018-04-28 12:25:00+00:00,,16.5119,34.54563453950682
2018-04-28 12:30:00+00:00,,16.5217,43.14436505629389
2018-04-28 12:35:00+00:00,,16.5601,33.70344756301559
2018-04-28 12:40:00+00:00,,16.9453,43.50836810600069
2018-04-28 12:45:00+00:00,,17.077,38.884554580690185
2018-04-28 12:50:00+00:00,,17.296,40.73547519023019
2018-04-28 12:55:00+00:00,,16.8868,41.30566057457198
2018-04-28 13:00:00+00:00,,15.5938,34.08275275568604
2018-04-28 13:05:00+00:00,,16.7114,41.96166201639422
2018-04-28 13:10:00+00:00,,17.4762,42.167276477691075
2018-04-28 13:15:00+00:00,,17.6696,46.441097798153635
2018-04-28 13:20:00+00:00,,17.9839,45.501295104740684
2018-04-28 13:25:00+00:00,,18.7834,43.73268353060697
2018-04-28 13:30:00+00:00,,19.0828,45.4566049386645
2018-04-28 13:35:00+00:00,,19.574,51.974061068718186
2018-04-28 13:40:00+00:00,,20.7917,33.72982272169428
2018-04-28 13:45:00+00:00,,22.3161,27.72714783267793
2018-04-28 13:50:00+00:00,,22.8515,33.96635139902466
2018-04-28 13:55:00+00:00,,21.3293,31.377268794983895
2018-04-28 14:00:00+00:00,,22.0628,33.0882164430478
2018-04-28 14:05:00+00:00,,22.1771,30.730462750532652
2018-04-28 14:10:00+00:00,,23.3336,35.87973737214088
2018-04-28 14:15:00+00:00,,22.6456,41.330538362882194
2018-04-28 14:20:00+00:00,,23.1318,33.39561023124645
2018-04-28 14:25:00+00:00,,22.0635,32.16269787583998
2018-04-28 14:30:00+00:00,,20.6001,22.328856780244774
2018-04-28 14:35:00+00:00,,21.0675,20.724357255763614
2018-04-28 14:40:00+00:00,,21.7073,28.788566900700648
2018-04-28 14:45:00+00:00,,21.6521,9.501163860459627
2018-04-28 14:50:00+00:00,,21.4017,22.06381686076839
2018-04-28 14:55:00+00:00,,23.2078,23.538868563551194
2018-04-28 15:00:00+00:00,,24.3886,15.70819755128569
2018-04-28 15:05:00+00:00,,23.1069,22.337491870495978
2018-04-28 15:10:00+00:00,,24.1415,16.7478494195375
2018-04-28 15:15:00+00:00,,23.0791,16.61757626875784
2018-04-28 15:20:00+00:00,,22.3841,19.122081752763133
2018-04-28 15:25:00+00:00,,22.3307,18.897126480517482
2018-04-28 15:30:00+00:00,,22.2997,21.666201815119354
2018-04-28 15:35:00+00:00,,22.2426,30.284286584297817
2018-04-28 15:40:00+00:00,,22.3255,15.872273539222624
2018-04-28 15:45:00+00:00,,22.3594,26.220256687523964
2018-04-28 15:50:00+00:00,,22.4273,27.432646224310638
2018-04-28 15:55:00+00:00,,22.509,23.649409348802664
2018-04-28 16:00:00+00:00,,24.1986,26.60276019755478
2018-04-28 16:05:00+00:00,,19.6091,16.873947246295664
2018-04-28 16:10:00+00:00,,22.5794,23.23741031699882
2018-04-28 16:15:00+00:00,,22.7348,24.847376507747875
2018-04-28 16:20:00+00:00,,22.4256,24.923252286210325
2018-04-28 16:25:00+00:00,,23.2851,22.080458809810946
2018-04-28 16:30:00+00:00,,22.6595,29.422301980111648
2018-04-28 16:35:00+00:00,,23.5546,40.14685037287118
2018-04-28 16:40:00+00:00,,22.8402,42.04719234306
2018-04-28 16:45:00+00:00,,22.9165,24.191267460914236
2018-04-28 16:50:00+00:00,,22.0524,29.91953430229709
2018-04-28 16:55:00+00:00,,25.1685,21.987738933599022
2018-04-28 17:00:00+00:00,,49.7659,46.98384578210333
2018-04-28 17:05:00+00:00,,22.8384,33.23131915449083
2018-04-28 17:10:00+00:00,,22.6586,24.077537032810362
2018-04-28 17:15:00+00:00,,28.4094,19.30014546729486
2018-04-28 17:20:00+00:00,,29.8519,32.37346242157182
2018-04-28 17:25:00+00:00,,23.1546,36.30027627047869
2018-04-28 17:30:00+00:00,,22.9617,34.86162910284634
2018-04-28 17:35:00+00:00,,23.0504,39.99865185599341
2018-04-28 17:40:00+00:00,,22.5616,44.505912877891085
2018-04-28 17:45:00+00:00,,21.888,31.016433085265643
2018-04-28 17:50:00+00:00,,22.2239,39.02248045426046
2018-04-28 17:55:00+00:00,,22.364,25.41085752502515
2018-04-28 18:00:00+00:00,,25.4443,42.16279389495365
2018-04-28 18:05:00+00:00,,22.6116,34.366199094447246
2018-04-28 18:10:00+00:00,,28.7805,35.20496473652322
2018-04-28 18:15:00+00:00,,22.9284,33.35825653794627
2018-04-28 18:20:00+00:00,,23.1089,81.56307059730521
2018-04-28 18:25:00+00:00,,23.0273,30.886734921201136
2018-04-28 18:30:00+00:00,,22.7567,24.118356570048178
2018-04-28 18:35:00+00:00,,22.5409,55.82925922213003
2018-04-28 18:40:00+00:00,,22.4618,33.89308522124271
2018-04-28 18:45:00+00:00,,22.387,62.27107185828442
2018-04-28 18:50:00+00:00,,28.7542,72.31210336727524
2018-04-28 18:55:00+00:00,,22.8301,64.82855434176825
2018-04-28 19:00:00+00:00,,22.9459,52.37697929059827
2018-04-28 19:05:00+00:00,,23.179,48.869971363968936
2018-04-28 19:10:00+00:00,,22.3832,48.43406201007487
2018-04-28 19:15:00+00:00,,22.9935,67.63176926387086
2018-04-28 19:20:00+00:00,,21.9036,64.94572575907483
2018-04-28 19:25:00+00:00,,22.9934,56.053215966803926
2018-04-28 19:30:00+00:00,,20.4849,58.906855923483604
2018-04-28 19:35:00+00:00,,22.8516,67.18164986589441
2018-04-28 19:40:00+00:00,,22.3872,54.74681821486883
2018-04-28 19:45:00+00:00,,21.8314,51.9534291458811
2018-04-28 19:50:00+00:00,,21.9746,53.53385228647808
2018-04-28 19:55:00+00:00,,21.9822,53.9757518819867
2018-04-28 20:00:00+00:00,,28.0297,70.91942519115176
2018-04-28 20:05:00+00:00,,22.0827,57.537694362560316
2018-04-28 20:10:00+00:00,,22.4585,63.05139430561178
2018-04-28 20:15:00+00:00,,21.6119,56.69792289457518
2018-04-28 20:20:00+00:00,,22.1791,58.434807340815645
2018-04-28 20:25:00+00:00,,22.2563,57.862901689844634
2018-04-28 20:30:00+00:00,,21.2491,53.30197032344341
2018-04-28 20:35:00+00:00,,22.3093,72.7235388834871
2018-04-28 20:40:00+00:00,,22.2974,74.20415987349705
2018-04-28 20:45:00+00:00,,20.4497,57.385768597299084
2018-04-28 20:50:00+00:00,,21.8642,59.75174327334923
2018-04-28 20:55:00+00:00,,21.8575,55.59796808293932
2018-04-28 21:00:00+00:00,,21.7977,61.35588693109308
2018-04-28 21:05:00+00:00,,21.763,56.92062879782946
2018-04-28 21:10:00+00:00,,100.0,34.720420377893646
2018-04-28 21:15:00+00:00,,29.6598,65.78288893407768
2018-04-28 21:20:00+00:00,,88.5346,61.9135684466172
2018-04-28 21:25:00+00:00,,23.8049,55.447791130099766
2018-04-28 21:30:00+00:00,,27.5069,66.30423227448948
2018-04-28 21:35:00+00:00,,26.4091,76.4630586738045
2018-04-28 21:40:00+00:00,,21.7565,53.41721879500803
2018-04-28 21:45:00+00:00,,17.2576,49.62931165677545
2018-04-28 21:50:00+00:00,,24.6948,67.04228418759014
2018-04-28 21:55:00+00:00,,21.486,58.75593649365455
2018-04-28 22:00:00+00:00,,21.4951,58.648490408212986
2018-04-28 22:05:00+00:00,,21.6059,63.35183329466579
2018-04-28 22:10:00+00:00,,21.8172,54.224150425927135
2018-04-28 22:15:00+00:00,,19.8393,49.37946004530581
2018-04-28 22:20:00+00:00,,20.0297,63.375185707009166
2018-04-28 22:25:00+00:00,,21.1186,45.3410335735606
2018-04-28 22:30:00+00:00,,21.0897,58.52034856228418
2018-04-28 22:35:00+00:00,,20.3966,54.79515468424472
2018-04-28 22:40:00+00:00,,20.5969,74.08592463932486
2018-04-28 22:45:00+00:00,,20.4373,63.4932117802101
2018-04-28 22:50:00+00:00,,20.1417,53.132615957457325
2018-04-28 22:55:00+00:00,,22.2521,51.30073176125684
2018-04-28 23:00:00+00:00,,21.1523,62.08583574584773
2018-04-28 23:05:00+00:00,,19.8658,48.658461929203355
2018-04-28 23:10:00+00:00,,19.8782,75.59633426992764
2018-04-28 23:15:00+00:00,,19.9756,68.74380015649632
2018-04-28 23:20:00+00:00,,19.8824,48.082821177475054
2018-04-28 23:25:00+00:00,,19.8013,41.72079427285134
2018-04-28 23:30:00+00:00,,19.6739,49.0986060451554
2018-04-28 23:35:00+00:00,,19.5423,48.541276077571084
2018-04-28 23:40:00+00:00,,19.5539,59.07896525763437
2018-04-28 23:45:00+00:00,,17.5211,51.869711225042366
2018-04-28 23:50:00+00:00,,17.2492,29.429119213445887
2018-04-28 23:55:00+00:00,,17.7771,26.46309097875245
2018-04-29 00:00:00+00:00,,17.1954,39.53646877371854
2018-04-29 00:05:00+00:00,,17.7682,27.31183927687762
2018-04-29 00:10:00+00:00,,16.1004,29.164350592326475
2018-04-29 00:15:00+00:00,,17.2507,31.682307337166343
2018-04-29 00:20:00+00:00,,16.4341,26.621688042237512
2018-04-29 00:25:00+00:00,,16.4477,28.63980010560277
2018-04-29 00:30:00+00:00,,17.7416,29.55620080519818
2018-04-29 00:35:00+00:00,,16.3495,31.249992131271703
2018-04-29 00:40:00+00:00,,17.5138,22.54267579706647
2018-04-29 00:45:00+00:00,,17.2547,35.44070936940545
2018-04-29 00:50:00+00:00,,17.5845,25.001656815545388
2018-04-29 00:55:00+00:00,,16.6948,23.595765797937574
2018-04-29 01:00:00+00:00,,15.8122,25.020241340284436
2018-04-29 01:05:00+00:00,,15.5378,33.628923013651374
2018-04-29 01:10:00+00:00,,15.7651,23.216750697054614
2018-04-29 01:15:00+00:00,,15.9885,21.511183194043966
2018-04-29 01:20:00+00:00,,15.8301,20.364127312178653
2018-04-29 01:25:00+00:00,,15.322,18.984465339224286
2018-04-29 01:30:00+00:00,,12.6875,17.898023028479933
2018-04-29 01:35:00+00:00,,12.9044,21.332617613257433
2018-04-29 01:40:00+00:00,,10.8316,20.18165575746762
2018-04-29 01:45:00+00:00,,7.4587,17.76233186521297
2018-04-29 01:50:00+00:00,,1.7036,19.099986968823675
2018-04-29 01:55:00+00:00,,2.9898,19.221524068952384
2018-04-29 02:00:00+00:00,,12.6273,21.790198518031172
2018-04-29 02:05:00+00:00,,9.3664,22.31253467315413
2018-04-29 02:10:00+00:00,,15.4635,21.810251052650866
2018-04-29 02:15:00+00:00,,10.4386,23.06335771391805
2018-04-29 02:20:00+00:00,,7.5829,23.50490855315803
2018-04-29 02:25:00+00:00,,10.2325,22.98084051657274
2018-04-29 02:30:00+00:00,,6.1403,24.798274864481694
2018-04-29 02:35:00+00:00,,6.9052,25.390414267339814
2018-04-29 02:40:00+00:00,,-5.2614,21.837064157545136
2018-04-29 02:45:00+00:00,,-2.3485,20.74825778015788
2018-04-29 02:50:00+00:00,,9.8319,19.19490369018569
2018-04-29 02:55:00+00:00,,8.6438,18.938190278202278
2018-04-29 03:00:00+00:00,,2.1917,17.303320980554613
2018-04-29 03:05:00+00:00,,-3.4643,16.46741296709726
2018-04-29 03:10:00+00:00,,-0.028,14.302883297398996
2018-04-29 03:15:00+00:00,,-1.518,12.424350309983842
2018-04-29 03:20:00+00:00,,-2.3846,20.426410525409732
2018-04-29 03:25:00+00:00,,-30.7042,24.16217604679127
2018-04-29 03:30:00+00:00,,-37.0764,21.467004942248224
2018-04-29 03:35:00+00:00,,-37.5798,27.041554181912375
2018-04-29 03:40:00+00:00,,-32.8723,24.429745567916132
2018-04-29 03:45:00+00:00,,-33.3353,22.84715855130797
2018-04-29 03:50:00+00:00,,-33.0039,27.45426010294656
2018-04-29 03:55:00+00:00,,-33.6998,25.984627314938997
2018-04-29 04:00:00+00:00,,-22.1536,23.429396431696627
2018-04-29 04:05:00+00:00,,-33.6899,13.77167301325462
2018-04-29 04:10:00+00:00,,-29.1637,21.025368232102014
2018-04-29 04:15:00+00:00,,-35.0264,14.02625862758661
2018-04-29 04:20:00+00:00,,-33.9464,23.435825730850443
2018-04-29 04:25:00+00:00,,-30.4915,19.30303376313393
2018-04-29 04:30:00+00:00,,-10.843,26.24876680583075
2018-04-29 04:35:00+00:00,,-34.5525,27.124707287225597
2018-04-29 04:40:00+00:00,,-36.5521,34.36829374518561
2018-04-29 04:45:00+00:00,,-32.8284,26.790067425190376
2018-04-29 04:50:00+00:00,,-31.6304,27.10341364940545
2018-04-29 04:55:00+00:00,,-34.4517,25.433909367928866
2018-04-29 05:00:00+00:00,,-38.4998,22.75033569074675
2018-04-29 05:05:00+00:00,,-38.4231,21.660242040172953
2018-04-29 05:10:00+00:00,,-33.2842,22.41031935854254
2018-04-29 05:15:00+00:00,,-32.88,25.459335376405164
2018-04-29 05:20:00+00:00,,-32.827,21.397744848367665
2018-04-29 05:25:00+00:00,,-35.8825,21.846881677302537
2018-04-29 05:30:00+00:00,,-28.1551,27.214377876667964
2018-04-29 05:35:00+00:00,,-20.9223,31.559970534970862
2018-04-29 05:40:00+00:00,,-19.9484,29.121905006799587
2018-04-29 05:45:00+00:00,,-17.9185,22.93984595572346
2018-04-29 05:50:00+00:00,,-1.3699,22.909323233458775
2018-04-29 05:55:00+00:00,,-1.9676,23.820937657212365
2018-04-29 06:00:00+00:00,,23.7677,21.840757398152448
2018-04-29 06:05:00+00:00,,14.3269,21.743212357252972
2018-04-29 06:10:00+00:00,,10.196,22.317052206872404
2018-04-29 06:15:00+00:00,,16.3654,28.53721037654625
2018-04-29 06:20:00+00:00,,22.2102,26.60887025628597
2018-04-29 06:25:00+00:00,,28.7524,30.044442410551028
2018-04-29 06:30:00+00:00,,25.6514,27.95184636667985
2018-04-29 06:35:00+00:00,,-1.3482,38.01404137626013
2018-04-29 06:40:00+00:00,,12.5878,32.356771301967704
2018-04-29 06:45:00+00:00,,20.8069,32.4403319562806
2018-04-29 06:50:00+00:00,,19.5755,30.055907654178128
2018-04-29 06:55:00+00:00,,-3.4561,29.147836915246714
2018-04-29 07:00:00+00:00,,-12.5458,20.843309672925937
2018-04-29 07:05:00+00:00,,-16.1748,26.256766091340427
2018-04-29 07:10:00+00:00,,11.8557,24.350473273635107
2018-04-29 07:15:00+00:00,,17.8927,21.670220586105966
2018-04-29 07:20:00+00:00,,14.745,22.745234427568192
2018-04-29 07:25:00+00:00,,14.4406,25.679718106393498
2018-04-29 07:30:00+00:00,,20.1616,26.00708346459548
2018-04-29 07:35:00+00:00,,10.8609,26.912867736718493
2018-04-29 07:40:00+00:00,,15.3295,20.445928642723132
2018-04-29 07:45:00+00:00,,18.8076,24.13502526028349
2018-04-29 07:50:00+00:00,,21.9402,29.54875313480001
2018-04-29 07:55:00+00:00,,26.0889,28.775709624041866
2018-04-29 08:00:00+00:00,,26.924,23.172775794906197
2018-04-29 08:05:00+00:00,,29.1388,20.71292939494819
2018-04-29 08:10:00+00:00,,17.8309,22.966928776795836
2018-04-29 08:15:00+00:00,,-2.3837,24.93066600273808
2018-04-29 08:20:00+00:00,,17.8536,22.15735923695837
2018-04-29 08:25:00+00:00,,24.7953,28.207635040912322
2018-04-29 08:30:00+00:00,,14.7112,28.123900556564465
2018-04-29 08:35:00+00:00,,22.8166,27.880181499518322
2018-04-29 08:40:00+00:00,,15.5317,24.893609118205497
2018-04-29 08:45:00+00:00,,15.3863,30.255779734294915
2018-04-29 08:50:00+00:00,,19.1017,26.885640532418446
2018-04-29 08:55:00+00:00,,8.6639,29.06862112375237
2018-04-29 09:00:00+00:00,,-26.0062,24.78160499477584
2018-04-29 09:05:00+00:00,,-4.3069,25.759255665071947
2018-04-29 09:10:00+00:00,,13.8568,25.5912198332902
2018-04-29 09:15:00+00:00,,-3.1645,28.40995405957053
2018-04-29 09:20:00+00:00,,5.5656,29.706639382905824
2018-04-29 09:25:00+00:00,,18.7241,35.573834418861075
2018-04-29 09:30:00+00:00,,17.6309,35.36960765372496
2018-04-29 09:35:00+00:00,,15.4632,31.832717784931205
2018-04-29 09:40:00+00:00,,19.7223,34.53001150685878
2018-04-29 09:45:00+00:00,,20.0224,23.76716615329517
2018-04-29 09:50:00+00:00,,22.5615,26.792377655927908
2018-04-29 09:55:00+00:00,,31.5956,22.459421106831837
2018-04-29 10:00:00+00:00,,34.6169,24.87162626789196
2018-04-29 10:05:00+00:00,,34.3546,20.759272596978082
2018-04-29 10:10:00+00:00,,11.7046,22.883891946723235
2018-04-29 10:15:00+00:00,,1.0151,22.388505512963178
2018-04-29 10:20:00+00:00,,8.352,25.7397969545561
2018-04-29 10:25:00+00:00,,2.4387,22.91144424337024
2018-04-29 10:30:00+00:00,,-8.5606,24.12254255171843
2018-04-29 10:35:00+00:00,,0.6434,24.060520604471762
2018-04-29 10:40:00+00:00,,1.2673,26.176123299796934
2018-04-29 10:45:00+00:00,,-1.1572,27.288090564109712
2018-04-29 10:50:00+00:00,,0.144,21.162818514843785
2018-04-29 10:55:00+00:00,,-3.5124,25.032720495437484
2018-04-29 11:00:00+00:00,,-1.6453,27.559257387766078
2018-04-29 11:05:00+00:00,,0.2607,21.630481878380017
2018-04-29 11:10:00+00:00,,5.8802,18.453831721445088
2018-04-29 11:15:00+00:00,,6.9121,22.495687161664776
2018-04-29 11:20:00+00:00,,3.2686,26.25572278082315
2018-04-29 11:25:00+00:00,,1.8517,24.860676266830502
2018-04-29 11:30:00+00:00,,3.8719,26.241582534423483
2018-04-29 11:35:00+00:00,,0.721,19.864517818788766
2018-04-29 11:40:00+00:00,,-3.8577,16.43632342301027
2018-04-29 11:45:00+00:00,,0.079,22.199619751139625
2018-04-29 11:50:00+00:00,,12.0073,21.16433580824755
2018-04-29 11:55:00+00:00,,13.5014,22.354944913636025
2018-04-29 12:00:00+00:00,,10.6083,27.173643354739525
2018-04-29 12:05:00+00:00,,6.0961,25.222730818061116
2018-04-29 12:10:00+00:00,,7.9105,22.632494077174147
2018-04-29 12:15:00+00:00,,10.6088,23.72521054743858
2018-04-29 12:20:00+00:00,,10.6677,24.134628694667445
2018-04-29 12:25:00+00:00,,10.8475,25.032638705928242
2018-04-29 12:30:00+00:00,,10.4954,29.405320922267222
2018-04-29 12:35:00+00:00,,10.4339,28.212373767764852
2018-04-29 12:40:00+00:00,,10.1903,27.356030418647514
2018-04-29 12:45:00+00:00,,11.5728,23.1900911922913
2018-04-29 12:50:00+00:00,,12.5639,24.94246023351757
2018-04-29 12:55:00+00:00,,13.9811,25.595075440445147
2018-04-29 13:00:00+00:00,,14.6191,25.143636583883243
2018-04-29 13:05:00+00:00,,16.6354,29.591548811018964
2018-04-29 13:10:00+00:00,,17.9961,28.371636863516017
2018-04-29 13:15:00+00:00,,16.2714,23.43520586874661
2018-04-29 13:20:00+00:00,,16.8898,28.403360108938887
2018-04-29 13:25:00+00:00,,19.1321,23.01769146481837
2018-04-29 13:30:00+00:00,,100.0,16.025604842428265
2018-04-29 13:35:00+00:00,,39.3308,19.448168001639857
2018-04-29 13:40:00+00:00,,24.7013,21.280979495216474
2018-04-29 13:45:00+00:00,,24.9025,21.84671855762546
2018-04-29 13:50:00+00:00,,72.5348,18.056280739953095
2018-04-29 13:55:00+00:00,,14.5778,15.75911675736926
2018-04-29 14:00:00+00:00,,16.6713,21.702452171889398
2018-04-29 14:05:00+00:00,,17.8065,23.145273840105705
2018-04-29 14:10:00+00:00,,15.8076,14.640114388166362
2018-04-29 14:15:00+00:00,,20.305,16.363256467197353
2018-04-29 14:20:00+00:00,,18.2873,13.40816767277972
2018-04-29 14:25:00+00:00,,21.5504,16.83101828310574
2018-04-29 14:30:00+00:00,,18.4991,16.82911003911541
2018-04-29 14:35:00+00:00,,15.541,20.369128367063244
2018-04-29 14:40:00+00:00,,19.5217,19.12694218854174
2018-04-29 14:45:00+00:00,,15.8066,11.920982859236954
2018-04-29 14:50:00+00:00,,17.0218,11.194857501949317
2018-04-29 14:55:00+00:00,,14.5187,7.821549473051816
2018-04-29 15:00:00+00:00,,16.6693,10.784408243555266
2018-04-29 15:05:00+00:00,,15.9537,16.19054388860664
2018-04-29 15:10:00+00:00,,17.0124,16.82920051132313
2018-04-29 15:15:00+00:00,,15.8882,18.412337228731065
2018-04-29 15:20:00+00:00,,12.7405,6.816035511758289
2018-04-29 15:25:00+00:00,,13.0954,14.28789891870436
2018-04-29 15:30:00+00:00,,16.5925,23.09048717445143
2018-04-29 15:35:00+00:00,,14.2757,0.8955871796504328
2018-04-29 15:40:00+00:00,,16.5894,-0.1276765955502654
2018-04-29 15:45:00+00:00,,14.5982,17.660993853648478
2018-04-29 15:50:00+00:00,,14.7405,22.021415030937394
2018-04-29 15:55:00+00:00,,23.402,-1.571819054686352
2018-04-29 16:00:00+00:00,,22.7733,2.375818883890052
2018-04-29 16:05:00+00:00,,4.4532,0.4835721623436916
2018-04-29 16:10:00+00:00,,-22.9511,5.479297881976517
2018-04-29 16:15:00+00:00,,-41.847,8.259659244080744
2018-04-29 16:20:00+00:00,,-49.9998,-1.8713403215652102
2018-04-29 16:25:00+00:00,,-14.1857,8.28324666054679
2018-04-29 16:30:00+00:00,,-36.6088,-1.3616367500932078
2018-04-29 16:35:00+00:00,,-30.5436,17.763228074880594
2018-04-29 16:40:00+00:00,,-41.9525,12.054147600785361
2018-04-29 16:45:00+00:00,,-47.6217,13.516958915265917
2018-04-29 16:50:00+00:00,,-31.0409,25.801001755229663
2018-04-29 16:55:00+00:00,,-34.6583,8.427791666773413
2018-04-29 17:00:00+00:00,,-35.4119,26.697738655887317
2018-04-29 17:05:00+00:00,,-29.0981,15.03284013400957
2018-04-29 17:10:00+00:00,,-10.1734,30.984349550832874
2018-04-29 17:15:00+00:00,,-21.7229,20.164378676196474
2018-04-29 17:20:00+00:00,,-27.5072,12.91463140254928
2018-04-29 17:25:00+00:00,,-27.3551,20.895009621468585
2018-04-29 17:30:00+00:00,,-38.5,27.204671501536772
2018-04-29 17:35:00+00:00,,-28.1018,22.66757310171582
2018-04-29 17:40:00+00:00,,-30.5316,22.283149012356617
2018-04-29 17:45:00+00:00,,-26.7991,7.85374428580657
2018-04-29 17:50:00+00:00,,-31.6608,7.211484071517954
2018-04-29 17:55:00+00:00,,-27.5326,-1.0340176328985862
2018-04-29 18:00:00+00:00,,-33.3886,17.855046585654637
2018-04-29 18:05:00+00:00,,-30.3747,16.775080062700475
2018-04-29 18:10:00+00:00,,-23.7069,6.231257024255896
2018-04-29 18:15:00+00:00,,-44.3377,20.23442794080542
2018-04-29 18:20:00+00:00,,-27.3971,16.288785980526036
2018-04-29 18:25:00+00:00,,-18.8663,11.402205768540737
2018-04-29 18:30:00+00:00,,-13.0935,11.062798021570133
2018-04-29 18:35:00+00:00,,-24.1384,13.612482157128088
2018-04-29 18:40:00+00:00,,-23.7928,13.376097261202075
2018-04-29 18:45:00+00:00,,-26.8053,17.570535822693813
2018-04-29 18:50:00+00:00,,-25.1252,17.356964785055077
2018-04-29 18:55:00+00:00,,-24.7063,8.769476923863701
2018-04-29 19:00:00+00:00,,-22.5987,2.8593465787324934
2018-04-29 19:05:00+00:00,,-18.4155,16.14030768654677
2018-04-29 19:10:00+00:00,,-26.9493,14.389633667576105
2018-04-29 19:15:00+00:00,,-25.6633,14.186263489517724
2018-04-29 19:20:00+00:00,,-27.3636,24.441439547825485
2018-04-29 19:25:00+00:00,,-28.9658,16.75358680706014
2018-04-29 19:30:00+00:00,,-10.8151,18.0070195791175
2018-04-29 19:35:00+00:00,,-26.4035,13.663574037717353
2018-04-29 19:40:00+00:00,,-25.818,8.668782433172025
2018-04-29 19:45:00+00:00,,-25.3675,12.494882607857427
2018-04-29 19:50:00+00:00,,-23.8425,18.2198763847523
2018-04-29 19:55:00+00:00,,-19.2121,8.203724644743398
2018-04-29 20:00:00+00:00,,-12.3811,6.1375564752972105
2018-04-29 20:05:00+00:00,,-11.1975,5.074278715986426
2018-04-29 20:10:00+00:00,,-1.3723,10.656661680213473
2018-04-29 20:15:00+00:00,,-8.6071,14.166962828179697
2018-04-29 20:20:00+00:00,,-6.3491,21.056712278863206
2018-04-29 20:25:00+00:00,,-3.7728,15.448683711620546
2018-04-29 20:30:00+00:00,,-9.9828,19.740647226181643
2018-04-29 20:35:00+00:00,,-7.8251,13.240995365062016
2018-04-29 20:40:00+00:00,,-23.5581,19.434713675995283
2018-04-29 20:45:00+00:00,,-20.3523,19.126161983598085
2018-04-29 20:50:00+00:00,,-21.101,11.57061805329466
2018-04-29 20:55:00+00:00,,-22.9608,13.386403349400007
2018-04-29 21:00:00+00:00,,-12.2284,10.532115362466513
2018-04-29 21:05:00+00:00,,-17.9935,26.21459002614061
2018-04-29 21:10:00+00:00,,-20.5278,16.782937098793898
2018-04-29 21:15:00+00:00,,-21.4749,14.225585993497045
2018-04-29 21:20:00+00:00,,-17.9966,23.409261631056214
2018-04-29 21:25:00+00:00,,-24.7081,23.659182775000268
2018-04-29 21:30:00+00:00,,-14.4418,16.139921677226692
2018-04-29 21:35:00+00:00,,-14.2614,18.22306310438852
2018-04-29 21:40:00+00:00,,-18.4091,31.33256748940666
2018-04-29 21:45:00+00:00,,-10.4165,9.551886960012741
2018-04-29 21:50:00+00:00,,-1.1699,29.106711807019273
2018-04-29 21:55:00+00:00,,-2.4276,22.186180326459827
2018-04-29 22:00:00+00:00,,-11.3321,24.42782793254573
2018-04-29 22:05:00+00:00,,-23.3823,27.395109854401923
2018-04-29 22:10:00+00:00,,-32.0463,19.837781832788068
2018-04-29 22:15:00+00:00,,-25.3158,28.050737106926793
2018-04-29 22:20:00+00:00,,-14.5555,4.154881270138733
2018-04-29 22:25:00+00:00,,-25.7933,13.543095768217611
2018-04-29 22:30:00+00:00,,-24.9684,15.605617200646146
2018-04-29 22:35:00+00:00,,-26.7425,12.872647254718094
2018-04-29 22:40:00+00:00,,-1.8063,23.698699655286152
2018-04-29 22:45:00+00:00,,-17.4324,22.287332554361363
2018-04-29 22:50:00+00:00,,-13.5524,13.73453921269584
2018-04-29 22:55:00+00:00,,-23.7825,6.560730141884441
2018-04-29 23:00:00+00:00,,-12.7098,11.925515903927671
2018-04-29 23:05:00+00:00,,-13.1566,10.945115398379771
2018-04-29 23:10:00+00:00,,-13.6099,16.120434251245264
2018-04-29 23:15:00+00:00,,-6.3772,12.51635438029792
2018-04-29 23:20:00+00:00,,-16.0766,19.98372292001258
2018-04-29 23:25:00+00:00,,-13.9387,14.756978262315492
2018-04-29 23:30:00+00:00,,-21.3657,17.042531794403452
2018-04-29 23:35:00+00:00,,-0.4505,11.917211933858052
2018-04-29 23:40:00+00:00,,-3.4949,14.345083684397727
2018-04-29 23:45:00+00:00,,1.2186,24.213251111056625
2018-04-29 23:50:00+00:00,,-24.0049,26.876857590187573
2018-04-29 23:55:00+00:00,,-17.4087,12.658219494230753
2018-04-30 00:00:00+00:00,,-0.2688,28.24888090885411
2018-04-30 00:05:00+00:00,,-6.5296,17.21573819056237
2018-04-30 00:10:00+00:00,,-24.1036,28.668964071916538
2018-04-30 00:15:00+00:00,,-23.1607,12.251323618975352
2018-04-30 00:20:00+00:00,,-13.3471,7.848872228084375
2018-04-30 00:25:00+00:00,,11.6159,12.031763140161159
2018-04-30 00:30:00+00:00,,0.8943,11.195056703252723
2018-04-30 00:35:00+00:00,,-10.3486,12.539018061562233
2018-04-30 00:40:00+00:00,,-6.7323,16.841995592039552
2018-04-30 00:45:00+00:00,,-3.4572,19.43893879450667
2018-04-30 00:50:00+00:00,,-12.2141,15.125170591328166
2018-04-30 00:55:00+00:00,,-16.7485,12.698990150975572
2018-04-30 01:00:00+00:00,,-12.4808,19.231841299517068
2018-04-30 01:05:00+00:00,,-1.6561,12.247232562139438
2018-04-30 01:10:00+00:00,,3.641,16.000061947291055
2018-04-30 01:15:00+00:00,,-2.8343,15.492125905418657
2018-04-30 01:20:00+00:00,,-10.0574,5.8086875342102084
2018-04-30 01:25:00+00:00,,-10.699,2.5104800469746005
2018-04-30 01:30:00+00:00,,11.2507,-0.7955532634391709
2018-04-30 01:35:00+00:00,,7.2412,8.287252175891874
2018-04-30 01:40:00+00:00,,5.2559,7.418392940794065
2018-04-30 01:45:00+00:00,,16.2347,18.249817584317142
2018-04-30 01:50:00+00:00,,9.3936,9.16804622152819
2018-04-30 01:55:00+00:00,,11.8312,16.623541419524695
2018-04-30 02:00:00+00:00,,0.0301,15.120699554954344
2018-04-30 02:05:00+00:00,,-1.0069,25.992378474674638
2018-04-30 02:10:00+00:00,,100.0,19.410508737355634
2018-04-30 02:15:00+00:00,,57.1874,15.782540675577192
2018-04-30 02:20:00+00:00,,-5.1921,19.0372531728734
2018-04-30 02:25:00+00:00,,-53.444,17.62379375511932
2018-04-30 02:30:00+00:00,,-18.7013,25.0580604221881
2018-04-30 02:35:00+00:00,,-20.1365,30.636990238540676
2018-04-30 02:40:00+00:00,,-26.6698,21.18903649909102
2018-04-30 02:45:00+00:00,,7.4783,22.945077633828422
2018-04-30 02:50:00+00:00,,-5.6789,22.71189363305123
2018-04-30 02:55:00+00:00,,10.3852,27.657279195083465
2018-04-30 03:00:00+00:00,,-2.2834,27.134586914611905
2018-04-30 03:05:00+00:00,,-41.0631,21.618165031410594
2018-04-30 03:10:00+00:00,,-20.6723,11.393063153714479
2018-04-30 03:15:00+00:00,,-24.1821,13.5866722013669
2018-04-30 03:20:00+00:00,,-0.0293,15.8746096523457
2018-04-30 03:25:00+00:00,,-21.3884,31.82751316566993
2018-04-30 03:30:00+00:00,,3.9424,13.684091715377415
2018-04-30 03:35:00+00:00,,9.7571,13.827774585522812
2018-04-30 03:40:00+00:00,,24.5095,17.056173709017585
2018-04-30 03:45:00+00:00,,29.5488,22.290978306957133
2018-04-30 03:50:00+00:00,,-26.6671,14.36842187264869
2018-04-30 03:55:00+00:00,,-38.4999,9.739068329562526
2018-04-30 04:00:00+00:00,,-15.0093,9.866633385207704
2018-04-30 04:05:00+00:00,,1.4916,7.659600932568874
2018-04-30 04:10:00+00:00,,-5.367,12.168310251807265
2018-04-30 04:15:00+00:00,,-22.2843,13.982889443808439
2018-04-30 04:20:00+00:00,,-30.7083,8.679293870119864
2018-04-30 04:25:00+00:00,,-27.4721,-0.2978339200788714
2018-04-30 04:30:00+00:00,,-32.3554,3.057316946704707
2018-04-30 04:35:00+00:00,,-29.0586,-1.460872413820296
2018-04-30 04:40:00+00:00,,-35.2072,2.249339988205177
2018-04-30 04:45:00+00:00,,-21.5721,3.0642387111935103
2018-04-30 04:50:00+00:00,,-21.5843,8.979086937659865
2018-04-30 04:55:00+00:00,,-36.4236,-2.900560196032009
2018-04-30 05:00:00+00:00,,-24.9691,4.364219135022487
2018-04-30 05:05:00+00:00,,-25.8896,21.932763903372305
2018-04-30 05:10:00+00:00,,-6.9059,14.860429914581541
2018-04-30 05:15:00+00:00,,-21.0701,10.449043755681359
2018-04-30 05:20:00+00:00,,-0.0721,15.215636083203211
2018-04-30 05:25:00+00:00,,4.1143,1.0635871713264826
2018-04-30 05:30:00+00:00,,-6.6173,4.641303482395897
2018-04-30 05:35:00+00:00,,9.1379,16.68591651579482
2018-04-30 05:40:00+00:00,,18.3631,17.593765215872008
2018-04-30 05:45:00+00:00,,-3.5619,20.793726948964657
2018-04-30 05:50:00+00:00,,10.0212,13.74470552316233
2018-04-30 05:55:00+00:00,,22.9708,19.795231738878506
2018-04-30 06:00:00+00:00,,19.8015,19.39322143857352
2018-04-30 06:05:00+00:00,,18.8012,22.927422668978007
2018-04-30 06:10:00+00:00,,20.8587,14.896425011497113
2018-04-30 06:15:00+00:00,,22.8925,13.17640430038039
2018-04-30 06:20:00+00:00,,24.4121,16.966022506138376
2018-04-30 06:25:00+00:00,,30.6974,12.660306425715895
2018-04-30 06:30:00+00:00,,19.3772,7.758554684650789
2018-04-30 06:35:00+00:00,,17.9484,10.935734410162421
2018-04-30 06:40:00+00:00,,-13.0621,11.686935891224053
2018-04-30 06:45:00+00:00,,-9.0136,16.246848852238408
2018-04-30 06:50:00+00:00,,0.3521,17.149529142247307
2018-04-30 06:55:00+00:00,,-5.9423,13.834128408241321
2018-04-30 07:00:00+00:00,,-15.5807,7.195656915449038
2018-04-30 07:05:00+00:00,,-18.9839,11.087217290353372
2018-04-30 07:10:00+00:00,,-6.1427,12.497391203441413
2018-04-30 07:15:00+00:00,,-15.7784,18.199494320956248
2018-04-30 07:20:00+00:00,,-20.9685,10.606131881190814
2018-04-30 07:25:00+00:00,,-16.877,8.564344166752939
2018-04-30 07:30:00+00:00,,-3.6149,-0.15991211773531125
2018-04-30 07:35:00+00:00,,1.0437,8.931189442672183
2018-04-30 07:40:00+00:00,,20.2399,7.344612764938029
2018-04-30 07:45:00+00:00,,0.0349,7.155672266139701
2018-04-30 07:50:00+00:00,,-12.7544,5.368398994208536
2018-04-30 07:55:00+00:00,,12.293,4.358018410265452
2018-04-30 08:00:00+00:00,,25.9024,3.2930422545860436
2018-04-30 08:05:00+00:00,,18.9502,11.662949688121307
2018-04-30 08:10:00+00:00,,22.3017,11.77977180801723
2018-04-30 08:15:00+00:00,,28.7414,3.723579701190525
2018-04-30 08:20:00+00:00,,15.8234,12.621511702552334
2018-04-30 08:25:00+00:00,,15.2617,10.040069369965265
2018-04-30 08:30:00+00:00,,25.5701,12.780730672578184
2018-04-30 08:35:00+00:00,,20.9715,4.707102447531363
2018-04-30 08:40:00+00:00,,6.248,5.965631029101128
2018-04-30 08:45:00+00:00,,-50.0002,8.023501910892255
2018-04-30 08:50:00+00:00,,-31.6884,11.767568686150423
2018-04-30 08:55:00+00:00,,3.0759,4.094003338772244
2018-04-30 09:00:00+00:00,,-42.3147,4.366899681040891
2018-04-30 09:05:00+00:00,,-26.9915,1.9172070325017165
2018-04-30 09:10:00+00:00,,-22.5708,-1.0654453645531556
2018-04-30 09:15:00+00:00,,-31.3719,4.977521148969426
2018-04-30 09:20:00+00:00,,-23.3062,11.403619143672529
2018-04-30 09:25:00+00:00,,-34.219,13.09073033661853
2018-04-30 09:30:00+00:00,,-45.7251,16.382189689899317
2018-04-30 09:35:00+00:00,,-34.3201,14.172362270013245
2018-04-30 09:40:00+00:00,,-24.3339,9.896563657812676
2018-04-30 09:45:00+00:00,,-29.7795,12.840992999893649
2018-04-30 09:50:00+00:00,,-26.1117,9.483396787483855
2018-04-30 09:55:00+00:00,,-21.91,17.08452396612282
2018-04-30 10:00:00+00:00,,-22.3801,14.884569688397278
2018-04-30 10:05:00+00:00,,-9.7031,12.251674951069958
2018-04-30 10:10:00+00:00,,6.638,19.116097849540417
2018-04-30 10:15:00+00:00,,7.034,14.717391722222507
2018-04-30 10:20:00+00:00,,5.5239,9.752650690781246
2018-04-30 10:25:00+00:00,,-16.6543,14.433091319399152
2018-04-30 10:30:00+00:00,,-28.6978,8.736586386091027
2018-04-30 10:35:00+00:00,,-56.3355,7.523822023596805
2018-04-30 10:40:00+00:00,,-38.5001,15.053537946651826
2018-04-30 10:45:00+00:00,,-38.5419,9.57576707673835
2018-04-30 10:50:00+00:00,,-38.0174,4.811300447339
2018-04-30 10:55:00+00:00,,-14.4271,5.961293825523023
2018-04-30 11:00:00+00:00,,-23.9396,10.093066491898773
2018-04-30 11:05:00+00:00,,-36.1507,13.723015924739574
2018-04-30 11:10:00+00:00,,-9.8606,22.063999113202687
2018-04-30 11:15:00+00:00,,1.1667,18.32560601312992
2018-04-30 11:20:00+00:00,,-4.0244,19.874881237369017
2018-04-30 11:25:00+00:00,,9.0674,17.200570494285675
2018-04-30 11:30:00+00:00,,5.9367,13.851448039725607
2018-04-30 11:35:00+00:00,,5.9516,14.974287363070456
2018-04-30 11:40:00+00:00,,5.9703,15.12793997439216
2018-04-30 11:45:00+00:00,,6.7661,10.656884142297073
2018-04-30 11:50:00+00:00,,6.1493,8.837458538328306
2018-04-30 11:55:00+00:00,,8.8342,15.387997320435195
2018-04-30 12:00:00+00:00,,10.4551,13.400567331075495
2018-04-30 12:05:00+00:00,,11.0255,20.190017765251252
2018-04-30 12:10:00+00:00,,11.1578,12.577917614243697
2018-04-30 12:15:00+00:00,,12.916,13.342657204710441
2018-04-30 12:20:00+00:00,,12.9523,8.82580903505718
2018-04-30 12:25:00+00:00,,12.2324,9.746070936065422
2018-04-30 12:30:00+00:00,,12.08,11.560730181799748
2018-04-30 12:35:00+00:00,,11.4946,13.624095894064823
2018-04-30 12:40:00+00:00,,11.4849,13.890028130938532
2018-04-30 12:45:00+00:00,,11.3731,14.433308615855744
2018-04-30 12:50:00+00:00,,11.1727,15.653319023008466
2018-04-30 12:55:00+00:00,,11.2197,9.646993490157158
2018-04-30 13:00:00+00:00,,11.1515,23.340051533518274
2018-04-30 13:05:00+00:00,,11.9092,11.889769430557307
2018-04-30 13:10:00+00:00,,11.1501,7.471124371795309
2018-04-30 13:15:00+00:00,,11.3447,6.647832209564469
2018-04-30 13:20:00+00:00,,10.7291,5.523676409469816
2018-04-30 13:25:00+00:00,,11.4891,2.5842159032562093
2018-04-30 13:30:00+00:00,,11.0955,2.6298528247778066
2018-04-30 13:35:00+00:00,,11.942,5.320498024691239
2018-04-30 13:40:00+00:00,,11.9364,3.339588464906095
2018-04-30 13:45:00+00:00,,11.9328,4.061912383966032
2018-04-30 13:50:00+00:00,,18.967,2.6115915913378718
2018-04-30 13:55:00+00:00,,12.5323,-0.6323972781585446
2018-04-30 14:00:00+00:00,,17.3095,-2.8204750099722036
2018-04-30 14:05:00+00:00,,14.7258,-1.8833481034036077
2018-04-30 14:10:00+00:00,,14.6947,4.580218746376888
2018-04-30 14:15:00+00:00,,13.0912,8.376879672040685
2018-04-30 14:20:00+00:00,,13.4472,9.345351667006323
2018-04-30 14:25:00+00:00,,13.4057,10.612500599736011
2018-04-30 14:30:00+00:00,,13.5537,7.757301756970935
2018-04-30 14:35:00+00:00,,13.9938,-5.612606910301549
2018-04-30 14:40:00+00:00,,14.0683,19.635292209860303
2018-04-30 14:45:00+00:00,,14.3862,6.041055893040734
2018-04-30 14:50:00+00:00,,21.9463,9.280050772698502
2018-04-30 14:55:00+00:00,,15.8197,11.089262656234759
2018-04-30 15:00:00+00:00,,15.5338,7.784293358533278
2018-04-30 15:05:00+00:00,,14.4272,6.171006463153723
2018-04-30 15:10:00+00:00,,-5.6192,16.38955908284073
2018-04-30 15:15:00+00:00,,-8.6634,9.316341999026049
2018-04-30 15:20:00+00:00,,-5.6799,-0.3059915588171829
2018-04-30 15:25:00+00:00,,0.7734,19.51598899625758
2018-04-30 15:30:00+00:00,,-3.5823,17.770850929385837
2018-04-30 15:35:00+00:00,,-5.3657,17.981441120270635
2018-04-30 15:40:00+00:00,,-5.437,9.795952913347106
2018-04-30 15:45:00+00:00,,0.6678,21.58041297389063
2018-04-30 15:50:00+00:00,,-13.4589,18.129690669626115
2018-04-30 15:55:00+00:00,,-7.2847,29.071219842902014
2018-04-30 16:00:00+00:00,,-18.6764,22.39790669967275
2018-04-30 16:05:00+00:00,,-14.1765,21.968783152550735
2018-04-30 16:10:00+00:00,,-17.1728,14.054801615472249
2018-04-30 16:15:00+00:00,,-16.4799,13.693729709841495
2018-04-30 16:20:00+00:00,,-20.5494,11.25764665074276
2018-04-30 16:25:00+00:00,,-24.431,3.9961137787885117
2018-04-30 16:30:00+00:00,,-23.9477,13.815781628133845
2018-04-30 16:35:00+00:00,,-16.1007,-3.3876257940413583
2018-04-30 16:40:00+00:00,,-7.3273,27.493730369777165
2018-04-30 16:45:00+00:00,,-6.8662,25.589313804590965
2018-04-30 16:50:00+00:00,,-11.4274,15.001947221587425
2018-04-30 16:55:00+00:00,,-9.5775,83.82547153007626
2018-04-30 17:00:00+00:00,,-17.2543,21.604425383193476
2018-04-30 17:05:00+00:00,,-16.9321,19.781302671281782
2018-04-30 17:10:00+00:00,,-18.4905,69.67733815519443
2018-04-30 17:15:00+00:00,,-5.4578,64.51234143988007
2018-04-30 17:20:00+00:00,,-13.6054,18.199678844794253
2018-04-30 17:25:00+00:00,,-6.6201,57.138378900972434
2018-04-30 17:30:00+00:00,,-7.3403,-2.817734465160281
2018-04-30 17:35:00+00:00,,-12.3809,12.945718124854283
2018-04-30 17:40:00+00:00,,-14.4609,28.16254146870239
2018-04-30 17:45:00+00:00,,-16.357,16.539087973296912
2018-04-30 17:50:00+00:00,,-17.4175,10.024982188620505
2018-04-30 17:55:00+00:00,,-17.5617,22.64341348209529
2018-04-30 18:00:00+00:00,,-7.5953,17.194514867030023
2018-04-30 18:05:00+00:00,,-9.2976,16.435710261461974
2018-04-30 18:10:00+00:00,,-11.8258,15.673297605567697
2018-04-30 18:15:00+00:00,,-15.7691,33.6780372764408
2018-04-30 18:20:00+00:00,,-15.5095,23.432737712371804
2018-04-30 18:25:00+00:00,,-14.3096,12.138575196498062
2018-04-30 18:30:00+00:00,,-14.5946,17.24045341607463
2018-04-30 18:35:00+00:00,,-14.6367,71.89235521082861
2018-04-30 18:40:00+00:00,,-16.3463,86.17265262005635
2018-04-30 18:45:00+00:00,,-15.6978,70.92708653210556
2018-04-30 18:50:00+00:00,,-23.8105,82.14339726240044
2018-04-30 18:55:00+00:00,,-19.2303,68.77192431551765
2018-04-30 19:00:00+00:00,,-22.5285,83.04339581472269
2018-04-30 19:05:00+00:00,,-19.1049,31.419224001950262
2018-04-30 19:10:00+00:00,,-18.2862,33.69704355153886
2018-04-30 19:15:00+00:00,,-9.9965,19.367457293117916
2018-04-30 19:20:00+00:00,,-8.4106,70.2167008534343
2018-04-30 19:25:00+00:00,,-10.7059,89.71591495987525
2018-04-30 19:30:00+00:00,,-9.8845,75.60311797351737
2018-04-30 19:35:00+00:00,,-15.3952,21.910382346210334
2018-04-30 19:40:00+00:00,,-8.2157,22.938443857326586
2018-04-30 19:45:00+00:00,,-50.0,16.351253782533767
2018-04-30 19:50:00+00:00,,-38.5,34.65376493767261
2018-04-30 19:55:00+00:00,,-28.1898,76.31973972065131
2018-04-30 20:00:00+00:00,,-19.4335,64.66122246675604
2018-04-30 20:05:00+00:00,,-20.5911,15.833653180009899
2018-04-30 20:10:00+00:00,,-24.0716,7.784395975740382
2018-04-30 20:15:00+00:00,,-18.3269,69.99306964293864
2018-04-30 20:20:00+00:00,,-10.1408,68.82695942641303
2018-04-30 20:25:00+00:00,,-15.7402,60.91959958919708
2018-04-30 20:30:00+00:00,,-14.1003,20.435779062242442
2018-04-30 20:35:00+00:00,,-12.663,17.08671888425254
2018-04-30 20:40:00+00:00,,-15.7178,69.51699463037713
2018-04-30 20:45:00+00:00,,-16.0629,6.9574974165711305
2018-04-30 20:50:00+00:00,,-14.6362,5.9689424292990285
2018-04-30 20:55:00+00:00,,-15.1748,-11.647796966400595
2018-04-30 21:00:00+00:00,,-9.6835,63.88227654703989
2018-04-30 21:05:00+00:00,,-11.0005,15.542530765842583
2018-04-30 21:10:00+00:00,,-2.6453,-1.1751581398877655
2018-04-30 21:15:00+00:00,,-8.6725,59.04947099315487
2018-04-30 21:20:00+00:00,,-8.7587,43.551324822636445
2018-04-30 21:25:00+00:00,,-3.7318,-1.9201603516333434
2018-04-30 21:30:00+00:00,,-0.8981,65.97051113047677
2018-04-30 21:35:00+00:00,,-6.0511,-1.7101732694479246
2018-04-30 21:40:00+00:00,,-6.0451,-4.651318291892826
2018-04-30 21:45:00+00:00,,-6.9306,3.2559326558743686
2018-04-30 21:50:00+00:00,,7.655,-0.4065944537370091
2018-04-30 21:55:00+00:00,,-2.6035,46.392728339824906
2018-04-30 22:00:00+00:00,,6.4474,47.30104686368058
2018-04-30 22:05:00+00:00,,-8.3643,-10.470015422755933
2018-04-30 22:10:00+00:00,,-3.8793,75.28065011984428
2018-04-30 22:15:00+00:00,,-5.2367,51.289112336400834
2018-04-30 22:20:00+00:00,,11.1566,68.17840546347415
2018-04-30 22:25:00+00:00,,-6.4072,7.924300878857265
2018-04-30 22:30:00+00:00,,-5.7078,14.656115766690395
2018-04-30 22:35:00+00:00,,13.4021,12.632503585843008
2018-04-30 22:40:00+00:00,,13.023,8.871320487938608
2018-04-30 22:45:00+00:00,,13.0223,-2.5478776479647274
2018-04-30 22:50:00+00:00,,8.4345,13.101903385173953
2018-04-30 22:55:00+00:00,,11.8967,-4.286624383460554
2018-04-30 23:00:00+00:00,,11.8827,63.6313956851751
2018-04-30 23:05:00+00:00,,-2.5232,13.92612616364765
2018-04-30 23:10:00+00:00,,-8.5095,1.540418836292336
2018-04-30 23:15:00+00:00,,-6.9614,12.268103471360885
2018-04-30 23:20:00+00:00,,4.56,14.846713520035303
2018-04-30 23:25:00+00:00,,12.558,7.287610738784027
2018-04-30 23:30:00+00:00,,1.4926,-1.3462045457159773
2018-04-30 23:35:00+00:00,,2.0606,14.72712861153392
2018-04-30 23:40:00+00:00,,13.7476,16.547291773898475
2018-04-30 23:45:00+00:00,,12.9212,27.773170215890026
2018-04-30 23:50:00+00:00,,12.5888,76.32953025649967
2018-04-30 23:55:00+00:00,,11.8362,8.5058723608736
2018-05-01 00:00:00+00:00,,13.5901,7.542797229497279
2018-05-01 00:05:00+00:00,,12.9081,-3.049346600658714
2018-05-01 00:10:00+00:00,,10.1609,10.259442725653937
2018-05-01 00:15:00+00:00,,0.5854,3.732022946255955
2018-05-01 00:20:00+00:00,,1.466,19.10071599667746
2018-05-01 00:25:00+00:00,,-3.6508,19.92828281956753
2018-05-01 00:30:00+00:00,,-6.9351,13.236859345976239
2018-05-01 00:35:00+00:00,,-5.6216,-1.5634021902901851
2018-05-01 00:40:00+00:00,,-2.4024,17.079354396898182
2018-05-01 00:45:00+00:00,,11.1078,13.64839564365413
2018-05-01 00:50:00+00:00,,11.0498,15.798361771063476
2018-05-01 00:55:00+00:00,,10.6589,28.481738449297946
2018-05-01 01:00:00+00:00,,9.8749,21.95941366540171
2018-05-01 01:05:00+00:00,,9.3111,20.704250170216714
2018-05-01 01:10:00+00:00,,-5.7647,11.729115429728166
2018-05-01 01:15:00+00:00,,-6.6475,11.711429974109034
2018-05-01 01:20:00+00:00,,-6.8727,12.24051264973846
2018-05-01 01:25:00+00:00,,12.1776,9.724242485637703
2018-05-01 01:30:00+00:00,,16.0463,16.06792474142521
2018-05-01 01:35:00+00:00,,16.7307,22.01514814712927
2018-05-01 01:40:00+00:00,,15.5778,24.879642563665918
2018-05-01 01:45:00+00:00,,14.2515,19.813343124178576
2018-05-01 01:50:00+00:00,,13.859,21.355760526598598
2018-05-01 01:55:00+00:00,,13.9027,19.726647105203917
2018-05-01 02:00:00+00:00,,14.2694,16.122878998306074
2018-05-01 02:05:00+00:00,,12.6957,10.268897432358624
2018-05-01 02:10:00+00:00,,11.7422,3.439613969617133
2018-05-01 02:15:00+00:00,,17.9231,16.98048306358931
2018-05-01 02:20:00+00:00,,13.8675,13.75990772116112
2018-05-01 02:25:00+00:00,,9.8531,16.757803579676114
2018-05-01 02:30:00+00:00,,12.2243,9.082405246159068
2018-05-01 02:35:00+00:00,,10.9563,13.077915067526696
2018-05-01 02:40:00+00:00,,11.1556,9.800226856909958
2018-05-01 02:45:00+00:00,,9.5796,7.533957381971387
2018-05-01 02:50:00+00:00,,-2.8511,11.625230014876912
2018-05-01 02:55:00+00:00,,6.0179,14.099981908502693
2018-05-01 03:00:00+00:00,,-9.1149,7.566706611737246
2018-05-01 03:05:00+00:00,,-20.6298,6.311199509278068
2018-05-01 03:10:00+00:00,,-20.5484,5.149931700175593
2018-05-01 03:15:00+00:00,,-3.3617,5.843621566805207
2018-05-01 03:20:00+00:00,,-3.3466,6.3255560162550655
2018-05-01 03:25:00+00:00,,4.3664,4.181077448329883
2018-05-01 03:30:00+00:00,,-23.3772,3.7570813340638978
2018-05-01 03:35:00+00:00,,-8.3925,-2.285475571465156
2018-05-01 03:40:00+00:00,,17.5698,-1.3118306870227845
2018-05-01 03:45:00+00:00,,2.3956,-5.371618064623897
2018-05-01 03:50:00+00:00,,-3.5241,-0.5456187284252154
2018-05-01 03:55:00+00:00,,-3.5162,4.9436549168529025
2018-05-01 04:00:00+00:00,,-0.6096,-0.4513657007842046
2018-05-01 04:05:00+00:00,,1.8484,-2.5871969689627887
2018-05-01 04:10:00+00:00,,-2.6378,9.082533521570749
2018-05-01 04:15:00+00:00,,-0.6323,4.6356744541161214
2018-05-01 04:20:00+00:00,,-3.4293,4.061032511290645
2018-05-01 04:25:00+00:00,,7.8089,6.4329283156057615
2018-05-01 04:30:00+00:00,,5.2741,10.984875080543471
2018-05-01 04:35:00+00:00,,14.8288,4.15857023861779
2018-05-01 04:40:00+00:00,,-2.8246,3.676554764764986
2018-05-01 04:45:00+00:00,,0.7604,4.861765277755857
2018-05-01 04:50:00+00:00,,0.1904,-6.480326672048081
2018-05-01 04:55:00+00:00,,-17.9289,-8.169205085106368
